list_no,notice_no,title,dept,publish_date,publish_period,views,notAncmtMgtNo,detail_url,detail_url_http,publish_date_iso,list_page,pos_hits,neg_hits,score,strong_neg,blacklist_hit,is_keyword_candidate,pipeline_status,reject_reason,category
6233,수원시 권선구 평동 공고 제2026-82호,2026년 민방위 사이버교육(보충1차) 통지서 반송에 따른 공시송달 공고,평동,2026-09-14,2026-09-14 ~ 2026-09-30,3,156657,https://www.suwon.go.kr/web/saeallOfr/BD_ofrView.do?notAncmtMgtNo=156657,http://www.suwon.go.kr/web/saeallOfr/BD_ofrView.do?notAncmtMgtNo=156657,2026-09-14,1,교육,공시송달,0,공시송달,공시송달,False,rejected,strong_neg:공시송달,
6232,수원시 권선구 입북동 공고 제2026-42호,2026년 민방위 집합・사이버교육(보충1차) 통지서 반송에 따른 공시송달 공고,입북동,2026-09-14,2026-09-14 ~ 2026-09-30,6,156651,https://www.suwon.go.kr/web/saeallOfr/BD_ofrView.do?notAncmtMgtNo=156651,http://www.suwon.go.kr/web/saeallOfr/BD_ofrView.do?notAncmtMgtNo=156651,2026-09-14,1,교육,공시송달,0,공시송달,공시송달,False,rejected,strong_neg:공시송달,
6231,수원시 영통구 원천동 공고 제2026-66호,수원시 원천동 지역사회보장협의체 위원 공개모집 공고,원천동,2026-09-14,2026-09-14 ~ 2026-10-01,5,156648,https://www.suwon.go.kr/web/saeallOfr/BD_ofrView.do?notAncmtMgtNo=156648,http://www.suwon.go.kr/web/saeallOfr/BD_ofrView.do?notAncmtMgtNo=156648,2026-09-14,1,모집,,1,,위원,True,rejected,blacklist:위원,
6230,수원시 공고 제2026-2096호,건설공사 안전점검 수행기관 지정 결과 공고(호매실동 1395-1),건축과,2026-09-14,2026-09-14 ~ 2026-09-16,37,156647,https://www.suwon.go.kr/web/saeallOfr/BD_ofrView.do?notAncmtMgtNo=156647,http://www.suwon.go.kr/web/saeallOfr/BD_ofrView.do?notAncmtMgtNo=156647,2026-09-14,1,,,0,,결과 공고,False,rejected,blacklist:결과 공고,
6229,수원시 도로교통관리사업소 공고 제2026-128호,8월 자동차 정기(종합)검사 촉구 및 명령서 반송분 공시송달 공고,자동차관리과,2026-09-14,2026-09-14 ~ 2026-09-30,10,156643,https://www.suwon.go.kr/web/saeallOfr/BD_ofrView.do?notAncmtMgtNo=156643,http://www.suwon.go.kr/web/saeallOfr/BD_ofrView.do?notAncmtMgtNo=156643,2026-09-14,1,,공시송달,-1,공시송달,공시송달,False,rejected,strong_neg:공시송달,
6228,수원시 영통구 광교2동 공고 제2026-36호,수원시 광교2동 지역사회보장협의체 위원 공개모집 공고,광교2동,2026-09-14,2026-09-14 ~ 2026-10-01,36,156641,https://www.suwon.go.kr/web/saeallOfr/BD_ofrView.do?notAncmtMgtNo=156641,http://www.suwon.go.kr/web/saeallOfr/BD_ofrView.do?notAncmtMgtNo=156641,2026-09-14,1,모집,,1,,위원,True,rejected,blacklist:위원,
6227,수원시 권선구 세류2동 공고 제2026-77호,수원시 세류2동 지역사회보장협의체 위원 공개모집 공고,세류2동,2026-09-14,2026-09-14 ~ 2026-10-01,27,156637,https://www.suwon.go.kr/web/saeallOfr/BD_ofrView.do?notAncmtMgtNo=156637,http://www.suwon.go.kr/web/saeallOfr/BD_ofrView.do?notAncmtMgtNo=156637,2026-09-14,1,모집,,1,,위원,True,rejected,blacklist:위원,
6226,수원시 영통구 매탄2동 공고 제2026-45호,수원시 매탄2동 지역사회보장협의체 위원 공개모집 공고,매탄2동,2026-09-14,2026-09-14 ~ 2026-10-01,35,156635,https://www.suwon.go.kr/web/saeallOfr/BD_ofrView.do?notAncmtMgtNo=156635,http://www.suwon.go.kr/web/saeallOfr/BD_ofrView.do?notAncmtMgtNo=156635,2026-09-14,1,모집,,1,,위원,True,rejected,blacklist:위원,
6225,수원시 농업기술센터 공고 제2026-34호,2026년도 수원시 농어민 기회소득 지원사업 시행계획 변경 공고,생명산업과,2026-09-14,,9,156634,https://www.suwon.go.kr/web/saeallOfr/BD_ofrView.do?notAncmtMgtNo=156634,http://www.suwon.go.kr/web/saeallOfr/BD_ofrView.do?notAncmtMgtNo=156634,2026-09-14,1,지원사업,,1,,시행계획 변경,True,rejected,blacklist:시행계획 변경,
6224,수원시 권선구 곡선동 공고 제2026-65호,수원시 곡선동 지역사회보장협의체 위원 모집 공개모집 공고,곡선동,2026-09-14,2026-09-14 ~ 2026-10-01,24,156632,https://www.suwon.go.kr/web/saeallOfr/BD_ofrView.do?notAncmtMgtNo=156632,http://www.suwon.go.kr/web/saeallOfr/BD_ofrView.do?notAncmtMgtNo=156632,2026-09-14,1,모집,,1,,위원,True,rejected,blacklist:위원,
6223,수원시 영통구 영통3동 공고 제2026-68호,수원시 영통3동 지역사회보장협의체 위원 공개모집 공고,영통3동,2026-09-14,2026-09-14 ~ 2026-10-01,9,156631,https://www.suwon.go.kr/web/saeallOfr/BD_ofrView.do?notAncmtMgtNo=156631,http://www.suwon.go.kr/web/saeallOfr/BD_ofrView.do?notAncmtMgtNo=156631,2026-09-14,1,모집,,1,,위원,True,rejected,blacklist:위원,
6222,수원시 팔달구 행궁동 공고 제2026-45호,수원시 행궁동 지역사회보장협의체 위원 공개모집 공고,행궁동,2026-09-14,2026-09-11 ~ 2026-10-01,0,156630,https://www.suwon.go.kr/web/saeallOfr/BD_ofrView.do?notAncmtMgtNo=156630,http://www.suwon.go.kr/web/saeallOfr/BD_ofrView.do?notAncmtMgtNo=156630,2026-09-14,1,모집,,1,,위원,True,rejected,blacklist:위원,
6221,수원시 장안구 율천동 공고 제2026-34호,수원시 율천동 지역사회보장협의체 위원 공개모집 공고,율천동,2026-09-14,2026-09-14 ~ 2026-10-01,15,156629,https://www.suwon.go.kr/web/saeallOfr/BD_ofrView.do?notAncmtMgtNo=156629,http://www.suwon.go.kr/web/saeallOfr/BD_ofrView.do?notAncmtMgtNo=156629,2026-09-14,1,모집,,1,,위원,True,rejected,blacklist:위원,
6220,수원시 팔달구 공고 제2026-573호,폐기물관리법 위반 과태료 체납자 독촉장 및 압류예고 공시송달 공고,환경위생과,2026-09-14,2026-09-14 ~ 2026-09-30,3,156628,https://www.suwon.go.kr/web/saeallOfr/BD_ofrView.do?notAncmtMgtNo=156628,http://www.suwon.go.kr/web/saeallOfr/BD_ofrView.do?notAncmtMgtNo=156628,2026-09-14,1,,"공시송달,과태료",-2,"공시송달,과태료",공시송달,False,rejected,"strong_neg:공시송달,과태료",
6219,수원시 팔달구 공고 제2026-572호,폐기물 관리법 위반 과태료 본부과 처분에 대한 공시송달 공고,환경위생과,2026-09-14,2026-09-14 ~ 2026-09-30,3,156627,https://www.suwon.go.kr/web/saeallOfr/BD_ofrView.do?notAncmtMgtNo=156627,http://www.suwon.go.kr/web/saeallOfr/BD_ofrView.do?notAncmtMgtNo=156627,2026-09-14,1,,"공시송달,과태료",-2,"공시송달,과태료",공시송달,False,rejected,"strong_neg:공시송달,과태료",
6218,수원시 팔달구 매산동 공고 제2026-74호,주민등록 무단전출자에 대한 직권조치 결과 공고,매산동,2026-09-14,2026-09-14 ~ 2026-09-29,2,156625,https://www.suwon.go.kr/web/saeallOfr/BD_ofrView.do?notAncmtMgtNo=156625,http://www.suwon.go.kr/web/saeallOfr/BD_ofrView.do?notAncmtMgtNo=156625,2026-09-14,1,,,0,,결과 공고,False,rejected,blacklist:결과 공고,
6217,수원시 팔달구 공고 제2026-571호,폐기물관리법 위반 과태료 사전통지 공시송달 공고,환경위생과,2026-09-14,2026-09-14 ~ 2026-09-30,3,156624,https://www.suwon.go.kr/web/saeallOfr/BD_ofrView.do?notAncmtMgtNo=156624,http://www.suwon.go.kr/web/saeallOfr/BD_ofrView.do?notAncmtMgtNo=156624,2026-09-14,1,,"공시송달,과태료",-2,"공시송달,과태료",공시송달,False,rejected,"strong_neg:공시송달,과태료",
6216,수원시 권선구 평동 공고 제2026-81호,2026년 4분기 평동 주민자치센터 프로그램 수강생 모집,평동,2026-09-14,2026-09-14 ~ 2026-09-30,15,156622,https://www.suwon.go.kr/web/saeallOfr/BD_ofrView.do?notAncmtMgtNo=156622,http://www.suwon.go.kr/web/saeallOfr/BD_ofrView.do?notAncmtMgtNo=156622,2026-09-14,1,"모집,프로그램,수강",,3,,,True,candidate,,course_local
6215,수원시 권선구 평동 공고 제2026-80호,2026년 민방위 집합교육(보충1차) 통지서 반송에 따른 공시송달 공(수정),평동,2026-09-14,2026-09-14 ~ 2026-10-08,10,156621,https://www.suwon.go.kr/web/saeallOfr/BD_ofrView.do?notAncmtMgtNo=156621,http://www.suwon.go.kr/web/saeallOfr/BD_ofrView.do?notAncmtMgtNo=156621,2026-09-14,1,교육,공시송달,0,공시송달,공시송달,False,rejected,strong_neg:공시송달,
6214,수원시 권선구 금곡동 공고 제2026-64호,2026년 민방위 사이버교육(보충1차) 통지서 반송에 따른 공시송달 공고,금곡동,2026-09-14,2026-09-14 ~ 2026-10-06,9,156619,https://www.suwon.go.kr/web/saeallOfr/BD_ofrView.do?notAncmtMgtNo=156619,http://www.suwon.go.kr/web/saeallOfr/BD_ofrView.do?notAncmtMgtNo=156619,2026-09-14,1,교육,공시송달,0,공시송달,공시송달,False,rejected,strong_neg:공시송달,
6213,수원시 권선구 공고 제2026-762호,이륜자동차 정기검사 신청기간 경과 알림 및 명령서 반송분 공시송달 공고,경제교통과,2026-09-14,2026-09-14 ~ 2026-09-30,16,156618,https://www.suwon.go.kr/web/saeallOfr/BD_ofrView.do?notAncmtMgtNo=156618,http://www.suwon.go.kr/web/saeallOfr/BD_ofrView.do?notAncmtMgtNo=156618,2026-09-14,1,신청,공시송달,0,공시송달,공시송달,False,rejected,strong_neg:공시송달,
6212,수원시 영통구 망포2동 공고 제2026-45호,수원시 망포2동 지역사회보장협의체 위원 공개모집 공고,망포2동,2026-09-14,2026-09-14 ~ 2026-10-01,13,156616,https://www.suwon.go.kr/web/saeallOfr/BD_ofrView.do?notAncmtMgtNo=156616,http://www.suwon.go.kr/web/saeallOfr/BD_ofrView.do?notAncmtMgtNo=156616,2026-09-14,1,모집,,1,,위원,True,rejected,blacklist:위원,
6211,수원시 권선구 세류3동 공고 제2026-68호,수원시 세류3동 지역사회보장협의체 제6기 위원 모집 공고,세류3동,2026-09-14,2026-09-14 ~ 2026-10-01,2,156615,https://www.suwon.go.kr/web/saeallOfr/BD_ofrView.do?notAncmtMgtNo=156615,http://www.suwon.go.kr/web/saeallOfr/BD_ofrView.do?notAncmtMgtNo=156615,2026-09-14,1,모집,,1,,위원,True,rejected,blacklist:위원,
6210,수원시 장안구 조원1동 공고 제2026-74호,수원시 조원1동 지역사회보장협의체 위원 공개모집 공고,조원1동,2026-09-14,2026-09-14 ~ 2026-10-01,12,156613,https://www.suwon.go.kr/web/saeallOfr/BD_ofrView.do?notAncmtMgtNo=156613,http://www.suwon.go.kr/web/saeallOfr/BD_ofrView.do?notAncmtMgtNo=156613,2026-09-14,1,모집,,1,,위원,True,rejected,blacklist:위원,
6209,수원시 권선구 공고 제2026-761호,건설공사 안전점검 수행기관 지정 결과 공고(권선동 1070번지 일원 노후 하수관로 교체공사),안전건설과,2026-09-14,2026-09-14 ~ 2026-09-15,31,156612,https://www.suwon.go.kr/web/saeallOfr/BD_ofrView.do?notAncmtMgtNo=156612,http://www.suwon.go.kr/web/saeallOfr/BD_ofrView.do?notAncmtMgtNo=156612,2026-09-14,1,,,0,,결과 공고,False,rejected,blacklist:결과 공고,
6208,수원시 영통구 영통1동 공고 제2026-55호,2026년 민방위 보충1차 사이버교육 통지서 반송에 따른 공시송달 공고,영통1동,2026-09-14,2026-09-14 ~ 2026-09-28,13,156611,https://www.suwon.go.kr/web/saeallOfr/BD_ofrView.do?notAncmtMgtNo=156611,http://www.suwon.go.kr/web/saeallOfr/BD_ofrView.do?notAncmtMgtNo=156611,2026-09-14,1,교육,공시송달,0,공시송달,공시송달,False,rejected,strong_neg:공시송달,
6207,수원시 권선구 공고 제2026-760호,건설공사 안전점검 수행기관 지정 결과 공고(서둔동 201-3번지 일원 노후 하수관로 교체공사),안전건설과,2026-09-14,2026-09-14 ~ 2026-09-15,23,156610,https://www.suwon.go.kr/web/saeallOfr/BD_ofrView.do?notAncmtMgtNo=156610,http://www.suwon.go.kr/web/saeallOfr/BD_ofrView.do?notAncmtMgtNo=156610,2026-09-14,1,,,0,,결과 공고,False,rejected,blacklist:결과 공고,
6206,수원시 팔달구 행궁동 공고 제2026-44호,수원시 행궁동 지역사회보장협의체 위원 공개모집 공고,행궁동,2026-09-14,2026-09-11 ~ 2026-10-01,37,156608,https://www.suwon.go.kr/web/saeallOfr/BD_ofrView.do?notAncmtMgtNo=156608,http://www.suwon.go.kr/web/saeallOfr/BD_ofrView.do?notAncmtMgtNo=156608,2026-09-14,1,모집,,1,,위원,True,rejected,blacklist:위원,
6205,수원시 영통구 공고 제2026-476호,담배소매업 폐업 및 지정신청 공고(중부대로 248),경제교통과,2026-09-14,2026-09-14 ~ 2026-09-22,15,156607,https://www.suwon.go.kr/web/saeallOfr/BD_ofrView.do?notAncmtMgtNo=156607,http://www.suwon.go.kr/web/saeallOfr/BD_ofrView.do?notAncmtMgtNo=156607,2026-09-14,1,신청,,1,,담배소매,True,rejected,blacklist:담배소매,
6204,수원시 영통구 광교2동 공고 제2026-35호,광교2동 통장 모집 공고(제14통),광교2동,2026-09-14,2026-09-14 ~ 2026-09-30,4,156606,https://www.suwon.go.kr/web/saeallOfr/BD_ofrView.do?notAncmtMgtNo=156606,http://www.suwon.go.kr/web/saeallOfr/BD_ofrView.do?notAncmtMgtNo=156606,2026-09-14,1,모집,,1,,통장,True,rejected,blacklist:통장,
6203,수원시 권선구 세류2동 공고 제2026-76호,직권조치 결과 공고,세류2동,2026-09-14,2026-09-14 ~ 2026-09-28,3,156605,https://www.suwon.go.kr/web/saeallOfr/BD_ofrView.do?notAncmtMgtNo=156605,http://www.suwon.go.kr/web/saeallOfr/BD_ofrView.do?notAncmtMgtNo=156605,2026-09-14,1,,,0,,결과 공고,False,rejected,blacklist:결과 공고,
6202,수원시 장안구 정자2동 공고 제2026-47호,수원시 정자2동 지역사회보장협의체 위원 공개모집 공고,정자2동,2026-09-14,2026-09-14 ~ 2026-10-01,2,156604,https://www.suwon.go.kr/web/saeallOfr/BD_ofrView.do?notAncmtMgtNo=156604,http://www.suwon.go.kr/web/saeallOfr/BD_ofrView.do?notAncmtMgtNo=156604,2026-09-14,1,모집,,1,,위원,True,rejected,blacklist:위원,
6201,수원시 권선구 평동 공고 제2026-79호,주민등록 무단전출에 따른 최고 공고,평동,2026-09-14,2026-09-14 ~ 2026-09-22,6,156603,https://www.suwon.go.kr/web/saeallOfr/BD_ofrView.do?notAncmtMgtNo=156603,http://www.suwon.go.kr/web/saeallOfr/BD_ofrView.do?notAncmtMgtNo=156603,2026-09-14,1,,,0,,,False,rejected,not_keyword_candidate,
6200,수원시 공고 제2026-2092호,「2026년 재생에너지 보급(융복합지원) 사업」 수원시 참여 아파트 선정 추가 모집 공고,기후에너지과,2026-09-14,2026-09-14 ~ 2026-09-30,4,156601,https://www.suwon.go.kr/web/saeallOfr/BD_ofrView.do?notAncmtMgtNo=156601,http://www.suwon.go.kr/web/saeallOfr/BD_ofrView.do?notAncmtMgtNo=156601,2026-09-14,1,모집,,1,,,True,candidate,,support_apply
6199,수원시 팔달구 행궁동 공고 제2026-43호,주민등록 무단전출자에 대한 직권조치 결과 공고,행궁동,2026-09-14,2026-09-14 ~ 2026-09-30,0,156599,https://www.suwon.go.kr/web/saeallOfr/BD_ofrView.do?notAncmtMgtNo=156599,http://www.suwon.go.kr/web/saeallOfr/BD_ofrView.do?notAncmtMgtNo=156599,2026-09-14,1,,,0,,결과 공고,False,rejected,blacklist:결과 공고,
6198,수원시 팔달구 공고 제2026-570호,주정차위반과태료 최초고지서 반송분 공시송달 공고,경제교통과,2026-09-14,2026-09-14 ~ 2026-09-28,5,156597,https://www.suwon.go.kr/web/saeallOfr/BD_ofrView.do?notAncmtMgtNo=156597,http://www.suwon.go.kr/web/saeallOfr/BD_ofrView.do?notAncmtMgtNo=156597,2026-09-14,1,,"공시송달,과태료",-2,"공시송달,과태료",공시송달,False,rejected,"strong_neg:공시송달,과태료",
6197,수원시 팔달구 매교동 공고 제2026-55호,주민등록 무단전출자 최고공고,매교동,2026-09-14,2026-09-14 ~ 2026-09-21,18,156596,https://www.suwon.go.kr/web/saeallOfr/BD_ofrView.do?notAncmtMgtNo=156596,http://www.suwon.go.kr/web/saeallOfr/BD_ofrView.do?notAncmtMgtNo=156596,2026-09-14,1,,,0,,,False,rejected,not_keyword_candidate,
6196,수원시 공고 제2026-2089호,건설공사 안전점검 수행기관 모집 공고[서호지구 주상복합],공동주택과,2026-09-14,2026-09-14 ~ 2026-09-23,24,156594,https://www.suwon.go.kr/web/saeallOfr/BD_ofrView.do?notAncmtMgtNo=156594,http://www.suwon.go.kr/web/saeallOfr/BD_ofrView.do?notAncmtMgtNo=156594,2026-09-14,1,모집,,1,,수행기관,True,rejected,blacklist:수행기관,
6195,수원시 영통구 망포2동 공고 제2026-44호,망포2동 주민자치회 위원 공개모집 공고,망포2동,2026-09-14,2026-09-14 ~ 2026-09-29,40,156591,https://www.suwon.go.kr/web/saeallOfr/BD_ofrView.do?notAncmtMgtNo=156591,http://www.suwon.go.kr/web/saeallOfr/BD_ofrView.do?notAncmtMgtNo=156591,2026-09-14,1,모집,,1,,위원,True,rejected,blacklist:위원,
6194,수원시 권선구 입북동 공고 제2026-41호,입북동 주민자치센터 자원봉사자 모집 공고,입북동,2026-09-14,2026-09-14 ~ 2026-09-18,3,156587,https://www.suwon.go.kr/web/saeallOfr/BD_ofrView.do?notAncmtMgtNo=156587,http://www.suwon.go.kr/web/saeallOfr/BD_ofrView.do?notAncmtMgtNo=156587,2026-09-14,1,모집,,1,,,True,candidate,,course_local
6193,수원시 권선구 구운동 공고 제2026-72호,2026년 민방위 사이버교육(보충1차) 통지서 반송에 따른 공시송달 공고,구운동,2026-09-14,2026-09-14 ~ 2026-09-28,12,156586,https://www.suwon.go.kr/web/saeallOfr/BD_ofrView.do?notAncmtMgtNo=156586,http://www.suwon.go.kr/web/saeallOfr/BD_ofrView.do?notAncmtMgtNo=156586,2026-09-14,1,교육,공시송달,0,공시송달,공시송달,False,rejected,strong_neg:공시송달,
6192,수원시 권선구 구운동 공고 제2026-71호,2026년 민방위 집합교육(보충1차) 통지서 반송에 따른 공시송달 공고,구운동,2026-09-14,2026-09-14 ~ 2026-09-28,10,156585,https://www.suwon.go.kr/web/saeallOfr/BD_ofrView.do?notAncmtMgtNo=156585,http://www.suwon.go.kr/web/saeallOfr/BD_ofrView.do?notAncmtMgtNo=156585,2026-09-14,1,교육,공시송달,0,공시송달,공시송달,False,rejected,strong_neg:공시송달,
6191,수원시 고시 제2026-393호,수원시 골목형상점가 지정 고시,지역경제과,2026-09-14,2026-09-14 ~ 2026-10-14,47,156583,https://www.suwon.go.kr/web/saeallOfr/BD_ofrView.do?notAncmtMgtNo=156583,http://www.suwon.go.kr/web/saeallOfr/BD_ofrView.do?notAncmtMgtNo=156583,2026-09-14,1,,,0,,,False,rejected,not_keyword_candidate,
6190,수원시 권선구 공고 제2026-757호,담배소매업 폐업 및 지정신청 공고,경제교통과,2026-09-14,2026-09-14 ~ 2026-09-22,26,156576,https://www.suwon.go.kr/web/saeallOfr/BD_ofrView.do?notAncmtMgtNo=156576,http://www.suwon.go.kr/web/saeallOfr/BD_ofrView.do?notAncmtMgtNo=156576,2026-09-14,1,신청,,1,,담배소매,True,rejected,blacklist:담배소매,
6189,수원시 권선구 공고 제2026-756호,2026년 민방위 보충1차 사이버교육 통지서 반송에 따른 공시송달 공고,종합민원과,2026-09-14,2026-09-14 ~ 2026-09-28,21,156574,https://www.suwon.go.kr/web/saeallOfr/BD_ofrView.do?notAncmtMgtNo=156574,http://www.suwon.go.kr/web/saeallOfr/BD_ofrView.do?notAncmtMgtNo=156574,2026-09-14,1,교육,공시송달,0,공시송달,공시송달,False,rejected,strong_neg:공시송달,
6188,수원시 권선구 공고 제2026-755호,2026년 민방위 보충1차 집합교육 통지서 반송에 따른 공시송달 공고,종합민원과,2026-09-14,2026-09-14 ~ 2026-09-28,22,156573,https://www.suwon.go.kr/web/saeallOfr/BD_ofrView.do?notAncmtMgtNo=156573,http://www.suwon.go.kr/web/saeallOfr/BD_ofrView.do?notAncmtMgtNo=156573,2026-09-14,1,교육,공시송달,0,공시송달,공시송달,False,rejected,strong_neg:공시송달,
6187,수원시 권선구 공고 제2026-754호,2026년 민방위 보충1차 집합교육 통지서 반송에 따른 공시송달 공고,종합민원과,2026-09-14,2026-09-14 ~ 2026-09-28,14,156572,https://www.suwon.go.kr/web/saeallOfr/BD_ofrView.do?notAncmtMgtNo=156572,http://www.suwon.go.kr/web/saeallOfr/BD_ofrView.do?notAncmtMgtNo=156572,2026-09-14,1,교육,공시송달,0,공시송달,공시송달,False,rejected,strong_neg:공시송달,
6186,수원시 장안구 공고 제2026-453호,「2026년 장안구 하반기 도로시설물 정기안전점검 용역」수의견적 제출 안내,행정지원과,2026-09-14,2026-09-14 ~ 2026-09-18,28,156566,https://www.suwon.go.kr/web/saeallOfr/BD_ofrView.do?notAncmtMgtNo=156566,http://www.suwon.go.kr/web/saeallOfr/BD_ofrView.do?notAncmtMgtNo=156566,2026-09-14,1,,"용역,견적",-2,용역,용역,False,rejected,strong_neg:용역,
6185,수원시 장안구 공고 제2026-451호,「수원시 장안구청 대형버스 교체 구입」입찰 공고 안내,행정지원과,2026-09-14,2026-09-14 ~ 2026-09-22,16,156562,https://www.suwon.go.kr/web/saeallOfr/BD_ofrView.do?notAncmtMgtNo=156562,http://www.suwon.go.kr/web/saeallOfr/BD_ofrView.do?notAncmtMgtNo=156562,2026-09-14,1,,입찰,-1,입찰,입찰,False,rejected,strong_neg:입찰,
6184,수원시 공고 제2026-2084호,보상계획 열람공고[수원R&D Science Park 도시개발사업],도시개발과,2026-09-14,2026-09-14 ~ 2026-09-29,43,156561,https://www.suwon.go.kr/web/saeallOfr/BD_ofrView.do?notAncmtMgtNo=156561,http://www.suwon.go.kr/web/saeallOfr/BD_ofrView.do?notAncmtMgtNo=156561,2026-09-14,1,,보상,-1,,,False,rejected,not_keyword_candidate,
6183,수원시 영통구 영통1동 공고 제2026-54호,신규주민등록증 발급통지 반송자 공고(2009년 9월생),영통1동,2026-09-14,2026-09-14 ~ 2026-09-28,13,156560,https://www.suwon.go.kr/web/saeallOfr/BD_ofrView.do?notAncmtMgtNo=156560,http://www.suwon.go.kr/web/saeallOfr/BD_ofrView.do?notAncmtMgtNo=156560,2026-09-14,2,,,0,,,False,rejected,not_keyword_candidate,
6182,수원시 장안구 파장동 공고 제2026-67호,2026년 10월 파장동 주민자치센터 프로그램 수강생 모집 공고,파장동,2026-09-14,2026-09-14 ~ 2026-09-30,21,156538,https://www.suwon.go.kr/web/saeallOfr/BD_ofrView.do?notAncmtMgtNo=156538,http://www.suwon.go.kr/web/saeallOfr/BD_ofrView.do?notAncmtMgtNo=156538,2026-09-14,2,"모집,프로그램,수강",,3,,,True,candidate,,course_local
6181,수원시 장안구 공고 제2026-443호,2026년 장안구 환경관리원 기간제근로자 채용공고,환경위생과,2026-09-14,2026-09-14 ~ 2026-09-21,43,156533,https://www.suwon.go.kr/web/saeallOfr/BD_ofrView.do?notAncmtMgtNo=156533,http://www.suwon.go.kr/web/saeallOfr/BD_ofrView.do?notAncmtMgtNo=156533,2026-09-14,2,,,0,,기간제,False,rejected,blacklist:기간제,
6180,수원시 공고 제2026-2077호,고속국도17호선(수원~광명 고속도로) 도로구역 결정(변경)에 관한 주민 등의 의견 청취 공고,건설정책과,2026-09-14,2026-09-14 ~ 2026-09-28,15,156526,https://www.suwon.go.kr/web/saeallOfr/BD_ofrView.do?notAncmtMgtNo=156526,http://www.suwon.go.kr/web/saeallOfr/BD_ofrView.do?notAncmtMgtNo=156526,2026-09-14,2,,,0,,,False,rejected,not_keyword_candidate,
6179,수원시 고시 제2026-391호,하천점용허가 고시(2026-황구지천12호),수질하천과,2026-09-14,2026-09-14 ~ 2026-09-28,9,156517,https://www.suwon.go.kr/web/saeallOfr/BD_ofrView.do?notAncmtMgtNo=156517,http://www.suwon.go.kr/web/saeallOfr/BD_ofrView.do?notAncmtMgtNo=156517,2026-09-14,2,,,0,,,False,rejected,not_keyword_candidate,
6178,수원시 공고 제2026-2074호,도로사용개시에 관한 공고(소로3-1480호선),도로건설과,2026-09-14,2026-09-14 ~ 2026-09-28,12,156510,https://www.suwon.go.kr/web/saeallOfr/BD_ofrView.do?notAncmtMgtNo=156510,http://www.suwon.go.kr/web/saeallOfr/BD_ofrView.do?notAncmtMgtNo=156510,2026-09-14,2,,,0,,,False,rejected,not_keyword_candidate,
6177,수원시 공고 제2026-2073호,2026년 하반기 수원굿즈 디자인 인증제 추진 공고,도시디자인단,2026-09-14,2026-09-14 ~ 2026-10-14,24,156499,https://www.suwon.go.kr/web/saeallOfr/BD_ofrView.do?notAncmtMgtNo=156499,http://www.suwon.go.kr/web/saeallOfr/BD_ofrView.do?notAncmtMgtNo=156499,2026-09-14,2,,,0,,,False,rejected,not_keyword_candidate,
6176,수원시 장안구 연무동 공고 제2026-56호,수원시 연무동 지역사회보장협의체 위원 공개모집 공고,연무동,2026-09-12,2026-09-11 ~ 2026-10-01,4,156592,https://www.suwon.go.kr/web/saeallOfr/BD_ofrView.do?notAncmtMgtNo=156592,http://www.suwon.go.kr/web/saeallOfr/BD_ofrView.do?notAncmtMgtNo=156592,2026-09-12,2,모집,,1,,위원,True,rejected,blacklist:위원,
6175,수원시 권선구 공고 제2026-753호,장애인주차구역 위반차량 과태료처분에 대한 사전통보 공시송달,사회복지과,2026-09-12,2026-09-12 ~ 2026-09-27,52,156567,https://www.suwon.go.kr/web/saeallOfr/BD_ofrView.do?notAncmtMgtNo=156567,http://www.suwon.go.kr/web/saeallOfr/BD_ofrView.do?notAncmtMgtNo=156567,2026-09-12,2,,"공시송달,과태료",-2,"공시송달,과태료",공시송달,False,rejected,"strong_neg:공시송달,과태료",
6174,수원시 장안구 송죽동 공고 제2026-54호,수원시 송죽동 지역사회보장협의체 위원 공개모집 공고,송죽동,2026-09-11,2026-09-11 ~ 2026-10-01,5,156589,https://www.suwon.go.kr/web/saeallOfr/BD_ofrView.do?notAncmtMgtNo=156589,http://www.suwon.go.kr/web/saeallOfr/BD_ofrView.do?notAncmtMgtNo=156589,2026-09-11,2,모집,,1,,위원,True,rejected,blacklist:위원,
6173,수원시 권선구 공고 제2026-758호,2026년 4/4분기 권선구청 구내식당 급식물품(부식품)구매,행정지원과,2026-09-11,2026-09-11 ~ 2026-09-18,56,156582,https://www.suwon.go.kr/web/saeallOfr/BD_ofrView.do?notAncmtMgtNo=156582,http://www.suwon.go.kr/web/saeallOfr/BD_ofrView.do?notAncmtMgtNo=156582,2026-09-11,2,,,0,,,False,rejected,not_keyword_candidate,
6172,수원시 영통구 원천동 공고 제2026-65호,주민등록 무단전출자 최고장 반송에 따른 최고 공고,원천동,2026-09-11,2026-09-11 ~ 2026-09-18,2,156581,https://www.suwon.go.kr/web/saeallOfr/BD_ofrView.do?notAncmtMgtNo=156581,http://www.suwon.go.kr/web/saeallOfr/BD_ofrView.do?notAncmtMgtNo=156581,2026-09-11,2,,,0,,,False,rejected,not_keyword_candidate,
6171,수원시 장안구 조원2동 공고 제2026-35호,2026년 조원2동 주민자치센터 「가을 힐링원예」 프로그램 수강생 모집 공고,조원2동,2026-09-11,2026-09-11 ~ 2026-09-28,71,156580,https://www.suwon.go.kr/web/saeallOfr/BD_ofrView.do?notAncmtMgtNo=156580,http://www.suwon.go.kr/web/saeallOfr/BD_ofrView.do?notAncmtMgtNo=156580,2026-09-11,2,"모집,프로그램,수강",,3,,,True,candidate,,course_local
6170,수원시 장안구 공고 제2026-455호,친환경자동차법 위반 과태료 고지서 반송분 공시송달 공고,환경위생과,2026-09-11,2026-09-12 ~ 2026-09-27,40,156579,https://www.suwon.go.kr/web/saeallOfr/BD_ofrView.do?notAncmtMgtNo=156579,http://www.suwon.go.kr/web/saeallOfr/BD_ofrView.do?notAncmtMgtNo=156579,2026-09-11,2,,"공시송달,과태료",-2,"공시송달,과태료",공시송달,False,rejected,"strong_neg:공시송달,과태료",
6169,수원시 장안구 조원1동 공고 제2026-73호,주민등록 신고 미이행자에 대한 최고공고,조원1동,2026-09-11,2026-09-11 ~ 2026-09-28,2,156578,https://www.suwon.go.kr/web/saeallOfr/BD_ofrView.do?notAncmtMgtNo=156578,http://www.suwon.go.kr/web/saeallOfr/BD_ofrView.do?notAncmtMgtNo=156578,2026-09-11,2,,,0,,,False,rejected,not_keyword_candidate,
6168,수원시 공고 제2026-2086호,제6기 동 지역사회보장협의체 위원 공개모집,돌봄정책과,2026-09-11,2026-09-11 ~ 2026-10-01,116,156577,https://www.suwon.go.kr/web/saeallOfr/BD_ofrView.do?notAncmtMgtNo=156577,http://www.suwon.go.kr/web/saeallOfr/BD_ofrView.do?notAncmtMgtNo=156577,2026-09-11,2,모집,,1,,위원,True,rejected,blacklist:위원,
6167,수원시 공고 제2026-2085호,전문건설업 행정처분(과태료) 공고,건설정책과,2026-09-11,2026-09-11 ~ 2026-09-26,32,156575,https://www.suwon.go.kr/web/saeallOfr/BD_ofrView.do?notAncmtMgtNo=156575,http://www.suwon.go.kr/web/saeallOfr/BD_ofrView.do?notAncmtMgtNo=156575,2026-09-11,2,,과태료,-1,과태료,과태료,False,rejected,strong_neg:과태료,
6166,수원시 도로교통관리사업소 자동차관리과 공고 제2026-72호,무단방치자동차 자진처리명령 송달불능 공시송달 공고,자동차관리과,2026-09-11,2026-09-11 ~ 2026-10-01,34,156571,https://www.suwon.go.kr/web/saeallOfr/BD_ofrView.do?notAncmtMgtNo=156571,http://www.suwon.go.kr/web/saeallOfr/BD_ofrView.do?notAncmtMgtNo=156571,2026-09-11,2,,공시송달,-1,공시송달,공시송달,False,rejected,strong_neg:공시송달,
6165,수원시 도로교통관리사업소 자동차관리과 공고 제2026-71호,무단방치차량 강제처리(폐차) 공고 및 이해관계인 권리행사 통보,자동차관리과,2026-09-11,2026-09-11 ~ 2026-10-01,37,156570,https://www.suwon.go.kr/web/saeallOfr/BD_ofrView.do?notAncmtMgtNo=156570,http://www.suwon.go.kr/web/saeallOfr/BD_ofrView.do?notAncmtMgtNo=156570,2026-09-11,2,,,0,,,False,rejected,not_keyword_candidate,
6164,수원시 장안구 공고 제2026-454호,주정차위반과태료 최초고지서 반송분 공시송달 공고,경제교통과,2026-09-11,2026-09-11 ~ 2026-09-30,29,156569,https://www.suwon.go.kr/web/saeallOfr/BD_ofrView.do?notAncmtMgtNo=156569,http://www.suwon.go.kr/web/saeallOfr/BD_ofrView.do?notAncmtMgtNo=156569,2026-09-11,2,,"공시송달,과태료",-2,"공시송달,과태료",공시송달,False,rejected,"strong_neg:공시송달,과태료",
6163,수원시 영통구 공고 제2026-475호,"이륜자동차 법규위반과태료(사전통지,본부과 및독촉)부과및원상복구 명령공시 송달 공고",경제교통과,2026-09-11,2026-09-11 ~ 2026-09-28,35,156568,https://www.suwon.go.kr/web/saeallOfr/BD_ofrView.do?notAncmtMgtNo=156568,http://www.suwon.go.kr/web/saeallOfr/BD_ofrView.do?notAncmtMgtNo=156568,2026-09-11,2,,과태료,-1,과태료,과태료,False,rejected,strong_neg:과태료,
6162,수원시 권선구 공고 제2026-752호,2026년 권선구청 구내식당 조리원 기간제근로자 최종 합격자 공고,행정지원과,2026-09-11,2026-09-11 ~ 2026-09-18,27,156565,https://www.suwon.go.kr/web/saeallOfr/BD_ofrView.do?notAncmtMgtNo=156565,http://www.suwon.go.kr/web/saeallOfr/BD_ofrView.do?notAncmtMgtNo=156565,2026-09-11,2,,,0,,기간제,False,rejected,blacklist:기간제,
6161,수원시 권선구 공고 제2026-751호,2026년 농어민 기회소득 지원사업 기간제근로자 채용 공고,경제교통과,2026-09-11,2026-09-11 ~ 2026-09-22,82,156564,https://www.suwon.go.kr/web/saeallOfr/BD_ofrView.do?notAncmtMgtNo=156564,http://www.suwon.go.kr/web/saeallOfr/BD_ofrView.do?notAncmtMgtNo=156564,2026-09-11,2,지원사업,,1,,기간제,True,rejected,blacklist:기간제,
6160,수원시 장안구 공고 제2026-452호,「전자상거래 등에서의 소비자보호에 관한 법률」위반 통신판매 사업자 시정권고 반송에 따른 공시송달 공고,경제교통과,2026-09-11,2026-09-11 ~ 2026-09-28,18,156563,https://www.suwon.go.kr/web/saeallOfr/BD_ofrView.do?notAncmtMgtNo=156563,http://www.suwon.go.kr/web/saeallOfr/BD_ofrView.do?notAncmtMgtNo=156563,2026-09-11,2,,공시송달,-1,공시송달,공시송달,False,rejected,strong_neg:공시송달,
6159,수원시 팔달구 고등동 공고 제2026-60호,쓰레기 무단투기 이동형 감시카메라(CCTV) 신규설치에 따른 행정예고,고등동,2026-09-11,2026-09-11 ~ 2026-10-01,31,156559,https://www.suwon.go.kr/web/saeallOfr/BD_ofrView.do?notAncmtMgtNo=156559,http://www.suwon.go.kr/web/saeallOfr/BD_ofrView.do?notAncmtMgtNo=156559,2026-09-11,2,,,0,,,False,rejected,not_keyword_candidate,
6158,수원시 팔달구 공고 제2026-569호,공유재산 무단점유 변상금 부과 공시송달 공고,안전건설과,2026-09-11,2026-09-14 ~ 2026-09-28,5,156557,https://www.suwon.go.kr/web/saeallOfr/BD_ofrView.do?notAncmtMgtNo=156557,http://www.suwon.go.kr/web/saeallOfr/BD_ofrView.do?notAncmtMgtNo=156557,2026-09-11,2,,공시송달,-1,공시송달,공시송달,False,rejected,strong_neg:공시송달,
6157,수원시 공고 제2026-2082호,수원시 다함께돌봄센터 23호점 수탁자 선정 결과 공고,아동돌봄과,2026-09-11,2026-09-11 ~ 2026-09-18,91,156556,https://www.suwon.go.kr/web/saeallOfr/BD_ofrView.do?notAncmtMgtNo=156556,http://www.suwon.go.kr/web/saeallOfr/BD_ofrView.do?notAncmtMgtNo=156556,2026-09-11,2,,,0,,선정 결과,False,rejected,blacklist:선정 결과,
6156,수원시 상수도사업소 공고 제2026-10호,「파장정수장 고도정수처리시설 설치사업」정량평가 결과 및 정성평가 자료제출 안내 공고,맑은물생산과,2026-09-11,2026-09-11 ~ 2026-09-17,46,156554,https://www.suwon.go.kr/web/saeallOfr/BD_ofrView.do?notAncmtMgtNo=156554,http://www.suwon.go.kr/web/saeallOfr/BD_ofrView.do?notAncmtMgtNo=156554,2026-09-11,2,,,0,,,False,rejected,not_keyword_candidate,
6155,수원시 영통구 영통2동 공고 제2026-64호,주민등록 무단전출자에 대한 최고공고,영통2동,2026-09-11,2026-09-11 ~ 2026-09-21,23,156552,https://www.suwon.go.kr/web/saeallOfr/BD_ofrView.do?notAncmtMgtNo=156552,http://www.suwon.go.kr/web/saeallOfr/BD_ofrView.do?notAncmtMgtNo=156552,2026-09-11,2,,,0,,,False,rejected,not_keyword_candidate,
6154,수원시 권선구 공고 제2026-750호,식품위생법 및 공중위생관리법 위반 과태료 납부독촉 및 2차 압류예고 고시공고,환경위생과,2026-09-11,2026-09-11 ~ 2026-09-30,25,156551,https://www.suwon.go.kr/web/saeallOfr/BD_ofrView.do?notAncmtMgtNo=156551,http://www.suwon.go.kr/web/saeallOfr/BD_ofrView.do?notAncmtMgtNo=156551,2026-09-11,2,,과태료,-1,과태료,과태료,False,rejected,strong_neg:과태료,
6153,수원시 장안구 공고 제2026-450호,2026년 장안구 빗물받이 준설공사(3권역)(2차) 단가계약 수의견적 제출 안내 공고,안전건설과,2026-09-11,2026-09-11 ~ 2026-09-17,25,156550,https://www.suwon.go.kr/web/saeallOfr/BD_ofrView.do?notAncmtMgtNo=156550,http://www.suwon.go.kr/web/saeallOfr/BD_ofrView.do?notAncmtMgtNo=156550,2026-09-11,2,,견적,-1,,,False,rejected,not_keyword_candidate,
6152,수원시 장안구 공고 제2026-449호,2026년 장안구 빗물받이 준설공사(2권역)(2차) 단가계약 수의견적 제출 안내 공고,안전건설과,2026-09-11,2026-09-11 ~ 2026-09-17,16,156549,https://www.suwon.go.kr/web/saeallOfr/BD_ofrView.do?notAncmtMgtNo=156549,http://www.suwon.go.kr/web/saeallOfr/BD_ofrView.do?notAncmtMgtNo=156549,2026-09-11,2,,견적,-1,,,False,rejected,not_keyword_candidate,
6151,수원시 장안구 공고 제2026-448호,2026년 장안구 빗물받이 준설공사(1권역)(2차) 단가계약 수의견적 제출 안내 공고,안전건설과,2026-09-11,2026-09-11 ~ 2026-09-17,17,156548,https://www.suwon.go.kr/web/saeallOfr/BD_ofrView.do?notAncmtMgtNo=156548,http://www.suwon.go.kr/web/saeallOfr/BD_ofrView.do?notAncmtMgtNo=156548,2026-09-11,2,,견적,-1,,,False,rejected,not_keyword_candidate,
6150,수원시 영통구 광교1동 공고 제2026-76호,2026년 민방위 집합교육(보충1차) 통지서 반송에 따른 공시송달 공고,광교1동,2026-09-11,2026-09-11 ~ 2026-09-25,65,156542,https://www.suwon.go.kr/web/saeallOfr/BD_ofrView.do?notAncmtMgtNo=156542,http://www.suwon.go.kr/web/saeallOfr/BD_ofrView.do?notAncmtMgtNo=156542,2026-09-11,2,교육,공시송달,0,공시송달,공시송달,False,rejected,strong_neg:공시송달,
6149,수원시 권선구 세류2동 공고 제2026-75호,세류2동 주민자치회 위원 공개모집 공고,세류2동,2026-09-11,2026-09-11 ~ 2026-09-30,27,156541,https://www.suwon.go.kr/web/saeallOfr/BD_ofrView.do?notAncmtMgtNo=156541,http://www.suwon.go.kr/web/saeallOfr/BD_ofrView.do?notAncmtMgtNo=156541,2026-09-11,2,모집,,1,,위원,True,rejected,blacklist:위원,
6148,수원시 팔달구 화서2동 공고 제2026-53호,화서2동 통장 모집 공고(29통),화서2동,2026-09-11,2026-09-11 ~ 2026-09-21,58,156540,https://www.suwon.go.kr/web/saeallOfr/BD_ofrView.do?notAncmtMgtNo=156540,http://www.suwon.go.kr/web/saeallOfr/BD_ofrView.do?notAncmtMgtNo=156540,2026-09-11,2,모집,,1,,통장,True,rejected,blacklist:통장,
6147,수원시 권선구 공고 제2026-749호,[2026년 권선구 하반기 정기안전점검 용역(세평지하차도 등 31개소)] 수의견적 제출 안내 공고,행정지원과,2026-09-11,2026-09-11 ~ 2026-09-17,18,156539,https://www.suwon.go.kr/web/saeallOfr/BD_ofrView.do?notAncmtMgtNo=156539,http://www.suwon.go.kr/web/saeallOfr/BD_ofrView.do?notAncmtMgtNo=156539,2026-09-11,2,,"용역,견적",-2,용역,용역,False,rejected,strong_neg:용역,
6146,수원시 공고 제2026-2079호,제43회 수원시 문화상 시상계획 공고,문화예술과,2026-09-11,2026-09-11 ~ 2026-10-15,104,156537,https://www.suwon.go.kr/web/saeallOfr/BD_ofrView.do?notAncmtMgtNo=156537,http://www.suwon.go.kr/web/saeallOfr/BD_ofrView.do?notAncmtMgtNo=156537,2026-09-11,2,,,0,,,False,rejected,not_keyword_candidate,
6145,수원시 권선구 공고 제2026-748호,[2026년 권선구 하반기 정기안전점검 용역(대황교지하차도 등 28개소)] 수의견적 제출 안내 공고,행정지원과,2026-09-11,2026-09-11 ~ 2026-09-17,16,156536,https://www.suwon.go.kr/web/saeallOfr/BD_ofrView.do?notAncmtMgtNo=156536,http://www.suwon.go.kr/web/saeallOfr/BD_ofrView.do?notAncmtMgtNo=156536,2026-09-11,2,,"용역,견적",-2,용역,용역,False,rejected,strong_neg:용역,
6144,수원시 영통구 매탄2동 공고 제2026-44호,2026년 민방위 보충1차 사이버교육 통지서 반송에 따른 공시송달 공고,매탄2동,2026-09-11,2026-09-11 ~ 2026-09-28,51,156535,https://www.suwon.go.kr/web/saeallOfr/BD_ofrView.do?notAncmtMgtNo=156535,http://www.suwon.go.kr/web/saeallOfr/BD_ofrView.do?notAncmtMgtNo=156535,2026-09-11,2,교육,공시송달,0,공시송달,공시송달,False,rejected,strong_neg:공시송달,
6143,수원시 장안구 공고 제2026-444호,2026년 장안구 도시공원 시설물 유지관리공사(단가계약)(2차) 수의견적 제출안내,행정지원과,2026-09-11,2026-09-11 ~ 2026-09-17,50,156534,https://www.suwon.go.kr/web/saeallOfr/BD_ofrView.do?notAncmtMgtNo=156534,http://www.suwon.go.kr/web/saeallOfr/BD_ofrView.do?notAncmtMgtNo=156534,2026-09-11,2,,견적,-1,,,False,rejected,not_keyword_candidate,
6142,수원시 권선구 공고 제2026-746호,[2026년 권선구 하반기 정기안전점검 용역(탑동지하차도 등 37개소)] 수의견적 제출 안내 공고,행정지원과,2026-09-11,2026-09-11 ~ 2026-09-17,18,156531,https://www.suwon.go.kr/web/saeallOfr/BD_ofrView.do?notAncmtMgtNo=156531,http://www.suwon.go.kr/web/saeallOfr/BD_ofrView.do?notAncmtMgtNo=156531,2026-09-11,2,,"용역,견적",-2,용역,용역,False,rejected,strong_neg:용역,
6141,수원시 권선구 공고 제2026-745호,[2026년 권선구 하반기 정기안전점검 용역(호매실지하차도 등 32개소)] 수의견적 제출 안내 공고,행정지원과,2026-09-11,2026-09-11 ~ 2026-09-17,21,156528,https://www.suwon.go.kr/web/saeallOfr/BD_ofrView.do?notAncmtMgtNo=156528,http://www.suwon.go.kr/web/saeallOfr/BD_ofrView.do?notAncmtMgtNo=156528,2026-09-11,2,,"용역,견적",-2,용역,용역,False,rejected,strong_neg:용역,
6140,수원시 공고 제2026-2076호,전문건설업 등록말소 공고,건설정책과,2026-09-11,2026-09-11 ~ 2031-10-20,32,156525,https://www.suwon.go.kr/web/saeallOfr/BD_ofrView.do?notAncmtMgtNo=156525,http://www.suwon.go.kr/web/saeallOfr/BD_ofrView.do?notAncmtMgtNo=156525,2026-09-11,2,,,0,,,False,rejected,not_keyword_candidate,
6139,수원시 권선구 세류1동 공고 제2026-36호,신규 주민등록증 발급통지서 반송자공고(2009년 8월생),세류1동,2026-09-11,2026-09-11 ~ 2026-09-26,32,156512,https://www.suwon.go.kr/web/saeallOfr/BD_ofrView.do?notAncmtMgtNo=156512,http://www.suwon.go.kr/web/saeallOfr/BD_ofrView.do?notAncmtMgtNo=156512,2026-09-11,2,,,0,,,False,rejected,not_keyword_candidate,
6138,수원시 고시 제2026-389호,팔달1구역 재건축정비사업 사업시행계획(변경)인가 정정고시,도시정비과,2026-09-11,,84,156464,https://www.suwon.go.kr/web/saeallOfr/BD_ofrView.do?notAncmtMgtNo=156464,http://www.suwon.go.kr/web/saeallOfr/BD_ofrView.do?notAncmtMgtNo=156464,2026-09-11,2,,,0,,인가,False,rejected,blacklist:인가,
6137,수원시 공고 제2026-2062호,「수원시 통・반 설치 조례」일부개정조례안 입법예고,자치분권과,2026-09-11,2026-09-11 ~ 2026-10-01,37,156449,https://www.suwon.go.kr/web/saeallOfr/BD_ofrView.do?notAncmtMgtNo=156449,http://www.suwon.go.kr/web/saeallOfr/BD_ofrView.do?notAncmtMgtNo=156449,2026-09-11,2,,,0,,입법예고,False,rejected,blacklist:입법예고,
6136,수원시 영통구 공고 제2026-466호,주・정차위반 과태료 독촉고지서 반송분 공시송달 공고,경제교통과,2026-09-11,2026-09-11 ~ 2026-09-30,13,156344,https://www.suwon.go.kr/web/saeallOfr/BD_ofrView.do?notAncmtMgtNo=156344,http://www.suwon.go.kr/web/saeallOfr/BD_ofrView.do?notAncmtMgtNo=156344,2026-09-11,2,,"공시송달,과태료",-2,"공시송달,과태료",공시송달,False,rejected,"strong_neg:공시송달,과태료",
6135,수원시 영통구 공고 제2026-465호,주・정차위반 과태료 최초고지서 반송분 공시송달 공고,경제교통과,2026-09-11,2026-09-11 ~ 2026-09-30,13,156343,https://www.suwon.go.kr/web/saeallOfr/BD_ofrView.do?notAncmtMgtNo=156343,http://www.suwon.go.kr/web/saeallOfr/BD_ofrView.do?notAncmtMgtNo=156343,2026-09-11,2,,"공시송달,과태료",-2,"공시송달,과태료",공시송달,False,rejected,"strong_neg:공시송달,과태료",
6134,수원시 영통구 공고 제2026-464호,주・정차위반 과태료 사전통지서 반송분 공시송달 공고,경제교통과,2026-09-11,2026-09-11 ~ 2026-09-30,14,156341,https://www.suwon.go.kr/web/saeallOfr/BD_ofrView.do?notAncmtMgtNo=156341,http://www.suwon.go.kr/web/saeallOfr/BD_ofrView.do?notAncmtMgtNo=156341,2026-09-11,2,,"공시송달,과태료",-2,"공시송달,과태료",공시송달,False,rejected,"strong_neg:공시송달,과태료",
6133,수원시 권선구 공고 제2026-747호,「도로법」위반 불법 노상 적치물 보관 및 내역 공고,안전건설과,2026-09-10,2026-09-10 ~ 2026-10-12,44,156532,https://www.suwon.go.kr/web/saeallOfr/BD_ofrView.do?notAncmtMgtNo=156532,http://www.suwon.go.kr/web/saeallOfr/BD_ofrView.do?notAncmtMgtNo=156532,2026-09-10,3,,,0,,,False,rejected,not_keyword_candidate,
6132,수원시 팔달구 우만2동 공고 제2026-53호,주민등록 무단전출 직권조치 공고,우만2동,2026-09-10,2026-09-10 ~ 2026-09-24,38,156530,https://www.suwon.go.kr/web/saeallOfr/BD_ofrView.do?notAncmtMgtNo=156530,http://www.suwon.go.kr/web/saeallOfr/BD_ofrView.do?notAncmtMgtNo=156530,2026-09-10,3,,,0,,,False,rejected,not_keyword_candidate,
6131,수원시 장안구 공고 제2026-442호,2026년 장안구 도시공원 시설물 유지관리공사(단가계약)(2차) 수의견적 제출안내 취소 공고,행정지원과,2026-09-10,2026-09-10 ~ 2026-09-15,33,156527,https://www.suwon.go.kr/web/saeallOfr/BD_ofrView.do?notAncmtMgtNo=156527,http://www.suwon.go.kr/web/saeallOfr/BD_ofrView.do?notAncmtMgtNo=156527,2026-09-10,3,,견적,-1,,,False,rejected,not_keyword_candidate,
6130,수원시 영통구보건소 건강관리과 공고 제2026-11호,2026년 영통구보건소 모자보건실 기간제 노동자(간호사) 채용 공고,건강관리과,2026-09-10,2026-09-10 ~ 2026-09-17,76,156524,https://www.suwon.go.kr/web/saeallOfr/BD_ofrView.do?notAncmtMgtNo=156524,http://www.suwon.go.kr/web/saeallOfr/BD_ofrView.do?notAncmtMgtNo=156524,2026-09-10,3,,,0,,기간제,False,rejected,blacklist:기간제,
6129,수원시 영통구 공고 제2026-474호,친환경자동차법 위반 과태료 체납에 따른 독촉 및 압류예고 반송분 공시송달 공고,환경위생과,2026-09-10,2026-09-10 ~ 2026-09-24,41,156523,https://www.suwon.go.kr/web/saeallOfr/BD_ofrView.do?notAncmtMgtNo=156523,http://www.suwon.go.kr/web/saeallOfr/BD_ofrView.do?notAncmtMgtNo=156523,2026-09-10,3,,"공시송달,과태료",-2,"공시송달,과태료",공시송달,False,rejected,"strong_neg:공시송달,과태료",
6128,수원시 영통구 영통2동 공고 제2026-63호,"영통2동 통장 모집 공고(11, 19통)",영통2동,2026-09-10,2026-09-10 ~ 2026-09-21,39,156522,https://www.suwon.go.kr/web/saeallOfr/BD_ofrView.do?notAncmtMgtNo=156522,http://www.suwon.go.kr/web/saeallOfr/BD_ofrView.do?notAncmtMgtNo=156522,2026-09-10,3,모집,,1,,통장,True,rejected,blacklist:통장,
6127,수원시 영통구 광교1동 공고 제2026-75호,2026년 4분기 광교1동 주민자치센터 프로그램 수강생 모집 공고,광교1동,2026-09-10,2026-09-10 ~ 2026-09-24,62,156521,https://www.suwon.go.kr/web/saeallOfr/BD_ofrView.do?notAncmtMgtNo=156521,http://www.suwon.go.kr/web/saeallOfr/BD_ofrView.do?notAncmtMgtNo=156521,2026-09-10,3,"모집,프로그램,수강",,3,,,True,candidate,,course_local
6126,수원시 권선구 세류2동 공고 제2026-74호,신규 주민등록증 발급통지서 반송자 공고(09년 8월생),세류2동,2026-09-10,2026-09-10 ~ 2026-09-30,22,156520,https://www.suwon.go.kr/web/saeallOfr/BD_ofrView.do?notAncmtMgtNo=156520,http://www.suwon.go.kr/web/saeallOfr/BD_ofrView.do?notAncmtMgtNo=156520,2026-09-10,3,,,0,,,False,rejected,not_keyword_candidate,
6125,수원시 영통구 공고 제2026-473호,"이륜자동차 의무보험위반 과태료(사전통지, 본부과 및 독촉) 부과 및 의무보험 가입안내 공시송달 공고",경제교통과,2026-09-10,2026-09-10 ~ 2026-09-24,36,156519,https://www.suwon.go.kr/web/saeallOfr/BD_ofrView.do?notAncmtMgtNo=156519,http://www.suwon.go.kr/web/saeallOfr/BD_ofrView.do?notAncmtMgtNo=156519,2026-09-10,3,,"공시송달,과태료",-2,"공시송달,과태료",공시송달,False,rejected,"strong_neg:공시송달,과태료",
6124,수원시 영통구 공고 제2026-472호,친환경자동차법 위반 과태료 고지서 반송분 공시송달 공고,환경위생과,2026-09-10,2026-09-10 ~ 2026-09-24,43,156518,https://www.suwon.go.kr/web/saeallOfr/BD_ofrView.do?notAncmtMgtNo=156518,http://www.suwon.go.kr/web/saeallOfr/BD_ofrView.do?notAncmtMgtNo=156518,2026-09-10,3,,"공시송달,과태료",-2,"공시송달,과태료",공시송달,False,rejected,"strong_neg:공시송달,과태료",
6123,수원시 공고 제2026-2075호,「2026년 소규모 공동주택 안전점검 용역」수의계약 안내 공고,회계과,2026-09-10,2026-09-10 ~ 2026-09-16,43,156516,https://www.suwon.go.kr/web/saeallOfr/BD_ofrView.do?notAncmtMgtNo=156516,http://www.suwon.go.kr/web/saeallOfr/BD_ofrView.do?notAncmtMgtNo=156516,2026-09-10,3,,"용역,수의계약",-2,"용역,수의계약",용역,False,rejected,"strong_neg:용역,수의계약",
6122,수원시 권선구 구운동 공고 제2026-70호,"구운동 통장 위촉 공고(제17, 23통)",구운동,2026-09-10,2026-09-10 ~ 2026-09-24,38,156515,https://www.suwon.go.kr/web/saeallOfr/BD_ofrView.do?notAncmtMgtNo=156515,http://www.suwon.go.kr/web/saeallOfr/BD_ofrView.do?notAncmtMgtNo=156515,2026-09-10,3,,,0,,통장,False,rejected,blacklist:통장,
6121,수원시 영통구 영통2동 공고 제2026-62호,"영통2동 통장 모집 공고(9, 23통) (4차)",영통2동,2026-09-10,2026-09-10 ~ 2026-09-21,43,156514,https://www.suwon.go.kr/web/saeallOfr/BD_ofrView.do?notAncmtMgtNo=156514,http://www.suwon.go.kr/web/saeallOfr/BD_ofrView.do?notAncmtMgtNo=156514,2026-09-10,3,모집,,1,,통장,True,rejected,blacklist:통장,
6120,수원시 권선구 공고 제2026-744호,건축법 위반에 따른 시정명령(촉구) 통보[2026년 상반기 존치기간 만료 가설건축물],건축과,2026-09-10,2026-09-10 ~ 2026-09-28,23,156513,https://www.suwon.go.kr/web/saeallOfr/BD_ofrView.do?notAncmtMgtNo=156513,http://www.suwon.go.kr/web/saeallOfr/BD_ofrView.do?notAncmtMgtNo=156513,2026-09-10,3,,,0,,,False,rejected,not_keyword_candidate,
6119,수원시 영통구 공고 제2026-471호,대기환경보전법 위반 과태료 체납에 따른 납부 독촉 반송분 공시송달 공고,환경위생과,2026-09-10,2026-09-10 ~ 2026-09-24,35,156511,https://www.suwon.go.kr/web/saeallOfr/BD_ofrView.do?notAncmtMgtNo=156511,http://www.suwon.go.kr/web/saeallOfr/BD_ofrView.do?notAncmtMgtNo=156511,2026-09-10,3,,"공시송달,과태료",-2,"공시송달,과태료",공시송달,False,rejected,"strong_neg:공시송달,과태료",
6118,수원시 권선구 금곡동 공고 제2026-63호,신규 주민등록증 통지서 반송자 공고(2009년 8월생),금곡동,2026-09-10,2026-09-10 ~ 2026-09-24,14,156509,https://www.suwon.go.kr/web/saeallOfr/BD_ofrView.do?notAncmtMgtNo=156509,http://www.suwon.go.kr/web/saeallOfr/BD_ofrView.do?notAncmtMgtNo=156509,2026-09-10,3,,,0,,,False,rejected,not_keyword_candidate,
6117,수원시 권선구 공고 제2026-743호,폐기물관리법 위반 과태료 독촉고지서 반송에 따른 공시송달 공고,환경위생과,2026-09-10,2026-09-10 ~ 2026-09-30,38,156508,https://www.suwon.go.kr/web/saeallOfr/BD_ofrView.do?notAncmtMgtNo=156508,http://www.suwon.go.kr/web/saeallOfr/BD_ofrView.do?notAncmtMgtNo=156508,2026-09-10,3,,"공시송달,과태료",-2,"공시송달,과태료",공시송달,False,rejected,"strong_neg:공시송달,과태료",
6116,수원시 권선구 공고 제2026-742호,폐기물관리법 위반 과태료 부과 고지서 반송에 따른 공시송달 공고,환경위생과,2026-09-10,2026-09-10 ~ 2026-09-30,27,156507,https://www.suwon.go.kr/web/saeallOfr/BD_ofrView.do?notAncmtMgtNo=156507,http://www.suwon.go.kr/web/saeallOfr/BD_ofrView.do?notAncmtMgtNo=156507,2026-09-10,3,,"공시송달,과태료",-2,"공시송달,과태료",공시송달,False,rejected,"strong_neg:공시송달,과태료",
6115,수원시 권선구 공고 제2026-741호,폐기물관리법 위반 과태료 사전통지 반송에 따른 공시송달 공고,환경위생과,2026-09-10,2026-09-10 ~ 2026-09-30,35,156506,https://www.suwon.go.kr/web/saeallOfr/BD_ofrView.do?notAncmtMgtNo=156506,http://www.suwon.go.kr/web/saeallOfr/BD_ofrView.do?notAncmtMgtNo=156506,2026-09-10,3,,"공시송달,과태료",-2,"공시송달,과태료",공시송달,False,rejected,"strong_neg:공시송달,과태료",
6114,수원시 영통구 공고 제2026-470호,친환경자동차법 위반 과태료 사전통지 반송분 공시송달 공고,환경위생과,2026-09-10,2026-09-10 ~ 2026-09-24,29,156505,https://www.suwon.go.kr/web/saeallOfr/BD_ofrView.do?notAncmtMgtNo=156505,http://www.suwon.go.kr/web/saeallOfr/BD_ofrView.do?notAncmtMgtNo=156505,2026-09-10,3,,"공시송달,과태료",-2,"공시송달,과태료",공시송달,False,rejected,"strong_neg:공시송달,과태료",
6113,수원시 영통구보건소 건강관리과 공고 제2026-10호,2026년 구강보건사업 기간제노동자(치과위생사) 모집 공고,건강관리과,2026-09-10,2026-09-10 ~ 2026-09-17,27,156504,https://www.suwon.go.kr/web/saeallOfr/BD_ofrView.do?notAncmtMgtNo=156504,http://www.suwon.go.kr/web/saeallOfr/BD_ofrView.do?notAncmtMgtNo=156504,2026-09-10,3,모집,,1,,기간제,True,rejected,blacklist:기간제,
6112,수원시 장안구 공고 제2026-441호,2026년 4/4분기 장안구청 구내식당 급식물품(부식품) 구매,행정지원과,2026-09-10,2026-09-10 ~ 2026-09-21,26,156503,https://www.suwon.go.kr/web/saeallOfr/BD_ofrView.do?notAncmtMgtNo=156503,http://www.suwon.go.kr/web/saeallOfr/BD_ofrView.do?notAncmtMgtNo=156503,2026-09-10,3,,,0,,,False,rejected,not_keyword_candidate,
6111,수원시 권선구 공고 제2026-740호,"이륜자동차 의무보험위반 과태료 부과, 가입촉구서 반송분 공시송달 공고",경제교통과,2026-09-10,2026-09-10 ~ 2026-09-24,29,156502,https://www.suwon.go.kr/web/saeallOfr/BD_ofrView.do?notAncmtMgtNo=156502,http://www.suwon.go.kr/web/saeallOfr/BD_ofrView.do?notAncmtMgtNo=156502,2026-09-10,3,,"공시송달,과태료",-2,"공시송달,과태료",공시송달,False,rejected,"strong_neg:공시송달,과태료",
6110,수원시 권선구 공고 제2026-739호,이륜자동차 법규위반 과태료 부과 및 원상복구 명령서 반송분 공시송달공고,경제교통과,2026-09-10,2026-09-10 ~ 2026-09-24,30,156501,https://www.suwon.go.kr/web/saeallOfr/BD_ofrView.do?notAncmtMgtNo=156501,http://www.suwon.go.kr/web/saeallOfr/BD_ofrView.do?notAncmtMgtNo=156501,2026-09-10,3,,"공시송달,과태료",-2,"공시송달,과태료",공시송달,False,rejected,"strong_neg:공시송달,과태료",
6109,수원시 팔달구 인계동 공고 제2026-101호,거주불명자 행정상 관리주소 이전 공고(2차),인계동,2026-09-10,2026-09-10 ~ 2026-09-28,31,156500,https://www.suwon.go.kr/web/saeallOfr/BD_ofrView.do?notAncmtMgtNo=156500,http://www.suwon.go.kr/web/saeallOfr/BD_ofrView.do?notAncmtMgtNo=156500,2026-09-10,3,,,0,,,False,rejected,not_keyword_candidate,
6108,수원시 공고 제2026-2072호,전세사기피해자 전세자금 대출이자비 2차 지원사업 공고,토지정보과,2026-09-10,2026-09-10 ~ 2026-09-27,61,156498,https://www.suwon.go.kr/web/saeallOfr/BD_ofrView.do?notAncmtMgtNo=156498,http://www.suwon.go.kr/web/saeallOfr/BD_ofrView.do?notAncmtMgtNo=156498,2026-09-10,3,지원사업,,1,,,True,candidate,,support_apply
6107,수원시 영통구 영통1동 공고 제2026-53호,신규주민등록증 발급통지 반송자 공고(2008년 9월생),영통1동,2026-09-10,2026-09-10 ~ 2026-09-28,19,156497,https://www.suwon.go.kr/web/saeallOfr/BD_ofrView.do?notAncmtMgtNo=156497,http://www.suwon.go.kr/web/saeallOfr/BD_ofrView.do?notAncmtMgtNo=156497,2026-09-10,3,,,0,,,False,rejected,not_keyword_candidate,
6106,수원시 공고 제2026-2071호,수원시의정비심의위원회 위원 명단 게재,법무담당관,2026-09-10,2026-09-10 ~ 2026-10-31,111,156492,https://www.suwon.go.kr/web/saeallOfr/BD_ofrView.do?notAncmtMgtNo=156492,http://www.suwon.go.kr/web/saeallOfr/BD_ofrView.do?notAncmtMgtNo=156492,2026-09-10,3,,,0,,위원,False,rejected,blacklist:위원,
6105,수원시 영통구 원천동 공고 제2026-64호,2026년 4분기 원천동 주민자치센터 프로그램 수강생 모집 공고(수정),원천동,2026-09-10,2026-09-10 ~ 2026-09-30,69,156491,https://www.suwon.go.kr/web/saeallOfr/BD_ofrView.do?notAncmtMgtNo=156491,http://www.suwon.go.kr/web/saeallOfr/BD_ofrView.do?notAncmtMgtNo=156491,2026-09-10,3,"모집,프로그램,수강",,3,,,True,candidate,,course_local
6104,수원시 고시 제2026-390호,"하천점용허가 고시(2026-황구지천11호,서호천14호)",수질하천과,2026-09-10,2026-09-10 ~ 2026-09-24,47,156489,https://www.suwon.go.kr/web/saeallOfr/BD_ofrView.do?notAncmtMgtNo=156489,http://www.suwon.go.kr/web/saeallOfr/BD_ofrView.do?notAncmtMgtNo=156489,2026-09-10,3,,,0,,,False,rejected,not_keyword_candidate,
6103,수원시 팔달구 공고 제2026-568호,2026년 팔달구 도로유지관리공사(2권역 4차)(단가계약) 수의견적 안내 공고,행정지원과,2026-09-10,2026-09-10 ~ 2026-09-16,45,156485,https://www.suwon.go.kr/web/saeallOfr/BD_ofrView.do?notAncmtMgtNo=156485,http://www.suwon.go.kr/web/saeallOfr/BD_ofrView.do?notAncmtMgtNo=156485,2026-09-10,3,,견적,-1,,,False,rejected,not_keyword_candidate,
6102,수원시 팔달구 공고 제2026-567호,2026년 팔달구 도로유지관리공사(1권역 4차)(단가계약) 수의견적 안내 공고,행정지원과,2026-09-10,2026-09-10 ~ 2026-09-16,33,156484,https://www.suwon.go.kr/web/saeallOfr/BD_ofrView.do?notAncmtMgtNo=156484,http://www.suwon.go.kr/web/saeallOfr/BD_ofrView.do?notAncmtMgtNo=156484,2026-09-10,3,,견적,-1,,,False,rejected,not_keyword_candidate,
6101,수원시 권선구 공고 제2026-734호,「친환경자동차법」위반 과태료 독촉고지서 반송분 공시송달 공고,환경위생과,2026-09-10,2026-09-10 ~ 2026-09-25,32,156483,https://www.suwon.go.kr/web/saeallOfr/BD_ofrView.do?notAncmtMgtNo=156483,http://www.suwon.go.kr/web/saeallOfr/BD_ofrView.do?notAncmtMgtNo=156483,2026-09-10,3,,"공시송달,과태료",-2,"공시송달,과태료",공시송달,False,rejected,"strong_neg:공시송달,과태료",
6100,수원시 권선구 곡선동 공고 제2026-64호,2026년 곡선동 평생학습센터 「디지털 문해 프로그램」수강생 모집 공고,곡선동,2026-09-10,2026-09-10 ~ 2026-09-30,48,156481,https://www.suwon.go.kr/web/saeallOfr/BD_ofrView.do?notAncmtMgtNo=156481,http://www.suwon.go.kr/web/saeallOfr/BD_ofrView.do?notAncmtMgtNo=156481,2026-09-10,3,"모집,프로그램,수강",,3,,,True,candidate,,course_local
6099,수원시 장안구 공고 제2026-439호,『장사천 지적재조사지구』지적확정예정통지서 반송에 따른 공시송달 공고,토지관리과,2026-09-10,2026-09-10 ~ 2026-09-30,20,156478,https://www.suwon.go.kr/web/saeallOfr/BD_ofrView.do?notAncmtMgtNo=156478,http://www.suwon.go.kr/web/saeallOfr/BD_ofrView.do?notAncmtMgtNo=156478,2026-09-10,3,,공시송달,-1,공시송달,공시송달,False,rejected,strong_neg:공시송달,
6098,수원시 팔달구 공고 제2026-566호,「친환경자동차법」위반 과태료 처분에 대한 고지서 공시송달(본부과) 공고,환경위생과,2026-09-10,2026-09-10 ~ 2026-09-25,31,156471,https://www.suwon.go.kr/web/saeallOfr/BD_ofrView.do?notAncmtMgtNo=156471,http://www.suwon.go.kr/web/saeallOfr/BD_ofrView.do?notAncmtMgtNo=156471,2026-09-10,3,,"공시송달,과태료",-2,"공시송달,과태료",공시송달,False,rejected,"strong_neg:공시송달,과태료",
6097,수원시 공고 제2026-2067호,용역 입찰 공고[K패스 기반 수원시 사회초년생 청년 교통비 지원사업 서비스 개발 용역],회계과,2026-09-10,2026-09-10 ~ 2026-09-23,45,156470,https://www.suwon.go.kr/web/saeallOfr/BD_ofrView.do?notAncmtMgtNo=156470,http://www.suwon.go.kr/web/saeallOfr/BD_ofrView.do?notAncmtMgtNo=156470,2026-09-10,3,지원사업,"입찰,용역",-1,"입찰,용역",입찰,False,rejected,"strong_neg:입찰,용역",
6096,수원시 팔달구 공고 제2026-562호,「친환경자동차법」위반 과태료 처분에 대한 사전통지 반송분 공시송달 공고,환경위생과,2026-09-10,2026-09-10 ~ 2026-09-25,29,156462,https://www.suwon.go.kr/web/saeallOfr/BD_ofrView.do?notAncmtMgtNo=156462,http://www.suwon.go.kr/web/saeallOfr/BD_ofrView.do?notAncmtMgtNo=156462,2026-09-10,3,,"공시송달,과태료",-2,"공시송달,과태료",공시송달,False,rejected,"strong_neg:공시송달,과태료",
6095,수원시 공고 제2026-2064호,전문건설업 등록말소 공시송달 공고,건설정책과,2026-09-10,2026-09-10 ~ 2026-09-28,28,156456,https://www.suwon.go.kr/web/saeallOfr/BD_ofrView.do?notAncmtMgtNo=156456,http://www.suwon.go.kr/web/saeallOfr/BD_ofrView.do?notAncmtMgtNo=156456,2026-09-10,3,,공시송달,-1,공시송달,공시송달,False,rejected,strong_neg:공시송달,
6094,수원시 고시 제2026-388호,수원시 도로명주소 부여・폐지 고시,토지정보과,2026-09-10,2026-09-10 ~ 2026-09-25,26,156448,https://www.suwon.go.kr/web/saeallOfr/BD_ofrView.do?notAncmtMgtNo=156448,http://www.suwon.go.kr/web/saeallOfr/BD_ofrView.do?notAncmtMgtNo=156448,2026-09-10,3,,,0,,,False,rejected,not_keyword_candidate,
6093,수원시 공고 제2026-2061호,용역 전자입찰 공고[수원 군 공항 이전주변지역 지원계획 수립 용역(총괄 및 1차)],회계과,2026-09-10,2026-09-10 ~ 2026-10-01,41,156447,https://www.suwon.go.kr/web/saeallOfr/BD_ofrView.do?notAncmtMgtNo=156447,http://www.suwon.go.kr/web/saeallOfr/BD_ofrView.do?notAncmtMgtNo=156447,2026-09-10,3,,"입찰,용역",-2,"입찰,용역",입찰,False,rejected,"strong_neg:입찰,용역",
6092,수원시 공고 제2026-2054호,수원 도시계획시설[제149호(샘말) 어린이공원] 리모델링 사업 사업시행자 지정 및 실시계획인가 열람 공고,생태공원과,2026-09-10,2026-09-10 ~ 2026-09-24,28,156419,https://www.suwon.go.kr/web/saeallOfr/BD_ofrView.do?notAncmtMgtNo=156419,http://www.suwon.go.kr/web/saeallOfr/BD_ofrView.do?notAncmtMgtNo=156419,2026-09-10,3,,"도시계획,실시계획",-2,,인가,False,rejected,blacklist:인가,
6091,수원시 공고 제2026-2047호,공인 등록 공고,행정지원과,2026-09-10,2026-09-10 ~ 2026-09-28,23,156399,https://www.suwon.go.kr/web/saeallOfr/BD_ofrView.do?notAncmtMgtNo=156399,http://www.suwon.go.kr/web/saeallOfr/BD_ofrView.do?notAncmtMgtNo=156399,2026-09-10,3,,,0,,,False,rejected,not_keyword_candidate,
6090,수원시 공고 제2026-2046호,「수원시 통・반장증 발급 규칙」일부개정규칙안 입법예고,자치분권과,2026-09-10,2026-09-10 ~ 2026-09-30,25,156398,https://www.suwon.go.kr/web/saeallOfr/BD_ofrView.do?notAncmtMgtNo=156398,http://www.suwon.go.kr/web/saeallOfr/BD_ofrView.do?notAncmtMgtNo=156398,2026-09-10,3,,,0,,입법예고,False,rejected,blacklist:입법예고,
6089,수원시 고시 제2026-387호,하천점용허가 고시(2026-서호천13호),수질하천과,2026-09-10,2026-09-10 ~ 2026-09-23,22,156375,https://www.suwon.go.kr/web/saeallOfr/BD_ofrView.do?notAncmtMgtNo=156375,http://www.suwon.go.kr/web/saeallOfr/BD_ofrView.do?notAncmtMgtNo=156375,2026-09-10,3,,,0,,,False,rejected,not_keyword_candidate,
6088,수원시 권선구 공고 제2026-738호,「도로법」위반 불법 노상 적치물 보관 및 내역 공고,안전건설과,2026-09-09,2026-09-09 ~ 2026-10-12,31,156496,https://www.suwon.go.kr/web/saeallOfr/BD_ofrView.do?notAncmtMgtNo=156496,http://www.suwon.go.kr/web/saeallOfr/BD_ofrView.do?notAncmtMgtNo=156496,2026-09-09,3,,,0,,,False,rejected,not_keyword_candidate,
6087,수원시 권선구 공고 제2026-737호,권선구청 구내식당 기간제근로자 채용시험 서류전형 결과 및 면접시험 시행계획 공고,행정지원과,2026-09-09,2026-09-09 ~ 2026-09-14,48,156495,https://www.suwon.go.kr/web/saeallOfr/BD_ofrView.do?notAncmtMgtNo=156495,http://www.suwon.go.kr/web/saeallOfr/BD_ofrView.do?notAncmtMgtNo=156495,2026-09-09,3,,,0,,기간제,False,rejected,blacklist:기간제,
6086,수원시 팔달구 고등동 공고 제2026-59호,거주불명등록자에 대한 행정상 관리주소 이전 1차 공고,고등동,2026-09-09,2026-09-09 ~ 2026-09-18,26,156494,https://www.suwon.go.kr/web/saeallOfr/BD_ofrView.do?notAncmtMgtNo=156494,http://www.suwon.go.kr/web/saeallOfr/BD_ofrView.do?notAncmtMgtNo=156494,2026-09-09,3,,,0,,,False,rejected,not_keyword_candidate,
6085,수원시 권선구 입북동 공고 제2026-40호,신규 주민등록증 발급통지서 반송 공고 (2009년 8월생),입북동,2026-09-09,2026-09-09 ~ 2026-09-23,38,156490,https://www.suwon.go.kr/web/saeallOfr/BD_ofrView.do?notAncmtMgtNo=156490,http://www.suwon.go.kr/web/saeallOfr/BD_ofrView.do?notAncmtMgtNo=156490,2026-09-09,3,,,0,,,False,rejected,not_keyword_candidate,
6084,수원시 권선구 공고 제2026-735호,「2026년 권선구 도시공원(2구역) 녹지정비공사(2차)(단가계약)」수의견적 제출 안내 공고,행정지원과,2026-09-09,2026-09-09 ~ 2026-09-15,48,156486,https://www.suwon.go.kr/web/saeallOfr/BD_ofrView.do?notAncmtMgtNo=156486,http://www.suwon.go.kr/web/saeallOfr/BD_ofrView.do?notAncmtMgtNo=156486,2026-09-09,3,,견적,-1,,,False,rejected,not_keyword_candidate,
6083,수원시 영통구 매탄1동 공고 제2026-33호,2026년 4분기 매탄1동 주민자치센터 프로그램 수강생 모집 공고,매탄1동,2026-09-09,2026-09-09 ~ 2026-09-30,48,156480,https://www.suwon.go.kr/web/saeallOfr/BD_ofrView.do?notAncmtMgtNo=156480,http://www.suwon.go.kr/web/saeallOfr/BD_ofrView.do?notAncmtMgtNo=156480,2026-09-09,4,"모집,프로그램,수강",,3,,,True,candidate,,course_local
6082,수원시 권선구 평동 공고 제2026-78호,무연고 사망자 시신처리 공고,평동,2026-09-09,2026-09-09 ~ 2026-10-09,51,156479,https://www.suwon.go.kr/web/saeallOfr/BD_ofrView.do?notAncmtMgtNo=156479,http://www.suwon.go.kr/web/saeallOfr/BD_ofrView.do?notAncmtMgtNo=156479,2026-09-09,4,,,0,,,False,rejected,not_keyword_candidate,
6081,수원시 농업기술센터 공고 제2026-33호,농업법인 해산명령청구에 따른 청문실시통지 공시송달 공고,생명산업과,2026-09-09,2026-09-09 ~ 2026-09-30,43,156477,https://www.suwon.go.kr/web/saeallOfr/BD_ofrView.do?notAncmtMgtNo=156477,http://www.suwon.go.kr/web/saeallOfr/BD_ofrView.do?notAncmtMgtNo=156477,2026-09-09,4,,공시송달,-1,공시송달,공시송달,False,rejected,strong_neg:공시송달,
6080,수원시 권선구 공고 제2026-733호,「주차장법 위반에 따른 시정명령 사전안내 통보」 공시송달 공고,건축과,2026-09-09,2026-09-09 ~ 2026-09-28,35,156475,https://www.suwon.go.kr/web/saeallOfr/BD_ofrView.do?notAncmtMgtNo=156475,http://www.suwon.go.kr/web/saeallOfr/BD_ofrView.do?notAncmtMgtNo=156475,2026-09-09,4,,공시송달,-1,공시송달,공시송달,False,rejected,strong_neg:공시송달,
6079,수원시 권선구 권선2동 공고 제2026-56호,신규 주민등록증 발급통지서 반송자공고(2009년 8월생),권선2동,2026-09-09,2026-09-09 ~ 2026-09-23,36,156469,https://www.suwon.go.kr/web/saeallOfr/BD_ofrView.do?notAncmtMgtNo=156469,http://www.suwon.go.kr/web/saeallOfr/BD_ofrView.do?notAncmtMgtNo=156469,2026-09-09,4,,,0,,,False,rejected,not_keyword_candidate,
6078,수원시 팔달구 공고 제2026-565호,공중위생관리법 위반 체납 과태료 납부독촉 및 압류예고(2차) 공시송달 공고,환경위생과,2026-09-09,2026-09-09 ~ 2026-09-23,40,156468,https://www.suwon.go.kr/web/saeallOfr/BD_ofrView.do?notAncmtMgtNo=156468,http://www.suwon.go.kr/web/saeallOfr/BD_ofrView.do?notAncmtMgtNo=156468,2026-09-09,4,,"공시송달,과태료",-2,"공시송달,과태료",공시송달,False,rejected,"strong_neg:공시송달,과태료",
6077,수원시 팔달구 공고 제2026-564호,공중위생관리법 위반 체납 과태료 납부독촉 및 압류 예고(2차) 공시송달 공고,환경위생과,2026-09-09,2026-09-09 ~ 2026-09-23,32,156467,https://www.suwon.go.kr/web/saeallOfr/BD_ofrView.do?notAncmtMgtNo=156467,http://www.suwon.go.kr/web/saeallOfr/BD_ofrView.do?notAncmtMgtNo=156467,2026-09-09,4,,"공시송달,과태료",-2,"공시송달,과태료",공시송달,False,rejected,"strong_neg:공시송달,과태료",
6076,수원시 팔달구 공고 제2026-563호,수원시 팔달구 깨끗한 쓰레기처리 감시원 사무보조(기간제 근로자) 채용 공고(수정 공고),환경위생과,2026-09-09,2026-09-09 ~ 2026-09-18,102,156466,https://www.suwon.go.kr/web/saeallOfr/BD_ofrView.do?notAncmtMgtNo=156466,http://www.suwon.go.kr/web/saeallOfr/BD_ofrView.do?notAncmtMgtNo=156466,2026-09-09,4,,,0,,기간제,False,rejected,blacklist:기간제,
6075,수원시 권선구 금곡동 공고 제2026-62호,2026년 민방위 집합교육(보충1차) 통지서 반송에 따른 공시송달 공고,금곡동,2026-09-09,2026-09-09 ~ 2026-09-29,23,156465,https://www.suwon.go.kr/web/saeallOfr/BD_ofrView.do?notAncmtMgtNo=156465,http://www.suwon.go.kr/web/saeallOfr/BD_ofrView.do?notAncmtMgtNo=156465,2026-09-09,4,교육,공시송달,0,공시송달,공시송달,False,rejected,strong_neg:공시송달,
6074,수원시 팔달구 공고 제2026-561호,2026년 팔달구 하수도 유지관리 기간제근로자 채용 서류전형 합격자 발표 및 면접시험 계획 공고,안전건설과,2026-09-09,2026-09-09 ~ 2026-09-15,45,156461,https://www.suwon.go.kr/web/saeallOfr/BD_ofrView.do?notAncmtMgtNo=156461,http://www.suwon.go.kr/web/saeallOfr/BD_ofrView.do?notAncmtMgtNo=156461,2026-09-09,4,,,0,,기간제,False,rejected,blacklist:기간제,
6073,수원시 공고 제2026-2065호,수원시 생활폐기물 수집・운반 대행업체 선정 제안서 평가위원(후보자) 모집 공고,청소자원과,2026-09-09,2026-09-09 ~ 2026-09-23,406,156460,https://www.suwon.go.kr/web/saeallOfr/BD_ofrView.do?notAncmtMgtNo=156460,http://www.suwon.go.kr/web/saeallOfr/BD_ofrView.do?notAncmtMgtNo=156460,2026-09-09,4,모집,,1,,위원,True,rejected,blacklist:위원,
6072,수원시 영통구 매탄2동 공고 제2026-43호,2026년도 4분기 매탄2동 주민자치센터 프로그램 수강생 모집 공고,매탄2동,2026-09-09,2026-09-09 ~ 2026-09-30,47,156458,https://www.suwon.go.kr/web/saeallOfr/BD_ofrView.do?notAncmtMgtNo=156458,http://www.suwon.go.kr/web/saeallOfr/BD_ofrView.do?notAncmtMgtNo=156458,2026-09-09,4,"모집,프로그램,수강",,3,,,True,candidate,,course_local
6071,수원시 팔달구 행궁동 공고 제2026-42호,2026년 4분기 행궁동 주민자치센터 특성화 프로그램 수강생 모집 공고,행궁동,2026-09-09,2026-09-09 ~ 2026-09-30,22,156455,https://www.suwon.go.kr/web/saeallOfr/BD_ofrView.do?notAncmtMgtNo=156455,http://www.suwon.go.kr/web/saeallOfr/BD_ofrView.do?notAncmtMgtNo=156455,2026-09-09,4,"모집,프로그램,수강",,3,,,True,candidate,,course_local
6070,수원시 영통구 광교1동 공고 제2026-74호,광교1동 주민자치회 위촉 위원 인적사항 공고,광교1동,2026-09-09,2026-09-09 ~ 2026-09-24,19,156454,https://www.suwon.go.kr/web/saeallOfr/BD_ofrView.do?notAncmtMgtNo=156454,http://www.suwon.go.kr/web/saeallOfr/BD_ofrView.do?notAncmtMgtNo=156454,2026-09-09,4,,,0,,위원,False,rejected,blacklist:위원,
6069,수원시 공고 제2026-2063호,「교통사고 잦은곳 개선사업(도청로삼거리)」수의계약 안내 공고,회계과,2026-09-09,2026-09-09 ~ 2026-09-15,27,156453,https://www.suwon.go.kr/web/saeallOfr/BD_ofrView.do?notAncmtMgtNo=156453,http://www.suwon.go.kr/web/saeallOfr/BD_ofrView.do?notAncmtMgtNo=156453,2026-09-09,4,,수의계약,-1,수의계약,수의계약,False,rejected,strong_neg:수의계약,
6068,수원시 장안구 공고 제2026-438호,2026년 장안구 도시공원 시설물 유지관리공사(단가계약)(2차) 수의견적 제출안내 공고,행정지원과,2026-09-09,2026-09-09 ~ 2026-09-15,17,156452,https://www.suwon.go.kr/web/saeallOfr/BD_ofrView.do?notAncmtMgtNo=156452,http://www.suwon.go.kr/web/saeallOfr/BD_ofrView.do?notAncmtMgtNo=156452,2026-09-09,4,,견적,-1,,,False,rejected,not_keyword_candidate,
6067,수원시 영통구 매탄2동 공고 제2026-42호,2026년 민방위 보충1차 집합교육 통지서 반송에 따른 공시송달 공고,매탄2동,2026-09-09,2026-09-09 ~ 2026-09-23,58,156451,https://www.suwon.go.kr/web/saeallOfr/BD_ofrView.do?notAncmtMgtNo=156451,http://www.suwon.go.kr/web/saeallOfr/BD_ofrView.do?notAncmtMgtNo=156451,2026-09-09,4,교육,공시송달,0,공시송달,공시송달,False,rejected,strong_neg:공시송달,
6066,수원시 영통구 망포2동 공고 제2026-43호,망포2동 통장 모집 공고(제15통),망포2동,2026-09-09,2026-09-09 ~ 2026-09-21,54,156441,https://www.suwon.go.kr/web/saeallOfr/BD_ofrView.do?notAncmtMgtNo=156441,http://www.suwon.go.kr/web/saeallOfr/BD_ofrView.do?notAncmtMgtNo=156441,2026-09-09,4,모집,,1,,통장,True,rejected,blacklist:통장,
6065,수원시 공고 제2026-2059호,「서수원 주민편익시설 정밀안전진단용역」수의계약 안내 공고,회계과,2026-09-09,2026-09-09 ~ 2026-09-15,78,156439,https://www.suwon.go.kr/web/saeallOfr/BD_ofrView.do?notAncmtMgtNo=156439,http://www.suwon.go.kr/web/saeallOfr/BD_ofrView.do?notAncmtMgtNo=156439,2026-09-09,4,,"용역,수의계약",-2,"용역,수의계약",용역,False,rejected,"strong_neg:용역,수의계약",
6064,수원시 공고 제2026-2058호,2026년 4분기 수원시청 구내식당 급식물품(부식품) 구매,행정지원과,2026-09-09,2026-09-09 ~ 2026-09-18,66,156438,https://www.suwon.go.kr/web/saeallOfr/BD_ofrView.do?notAncmtMgtNo=156438,http://www.suwon.go.kr/web/saeallOfr/BD_ofrView.do?notAncmtMgtNo=156438,2026-09-09,4,,,0,,,False,rejected,not_keyword_candidate,
6063,수원시 공고 제2026-2057호,수원시 하수도공기업 회계감사인 모집 공고,하수관리과,2026-09-09,2026-09-09 ~ 2026-09-16,102,156437,https://www.suwon.go.kr/web/saeallOfr/BD_ofrView.do?notAncmtMgtNo=156437,http://www.suwon.go.kr/web/saeallOfr/BD_ofrView.do?notAncmtMgtNo=156437,2026-09-09,4,모집,,1,,회계감사,True,rejected,blacklist:회계감사,
6062,수원시 공고 제2026-2056호,용역 전자입찰 공고[지동가구역 정비계획 수립 및 정비구역 지정 용역],회계과,2026-09-09,2026-09-09 ~ 2026-09-16,22,156436,https://www.suwon.go.kr/web/saeallOfr/BD_ofrView.do?notAncmtMgtNo=156436,http://www.suwon.go.kr/web/saeallOfr/BD_ofrView.do?notAncmtMgtNo=156436,2026-09-09,4,,"입찰,용역",-2,"입찰,용역",정비구역,False,rejected,"strong_neg:입찰,용역",
6061,수원시 도로교통관리사업소 공고 제2026-127호,2026년 8월 운행정지 차량내역 공고,자동차등록과,2026-09-09,2026-09-09 ~ 2026-09-23,37,156433,https://www.suwon.go.kr/web/saeallOfr/BD_ofrView.do?notAncmtMgtNo=156433,http://www.suwon.go.kr/web/saeallOfr/BD_ofrView.do?notAncmtMgtNo=156433,2026-09-09,4,,,0,,,False,rejected,not_keyword_candidate,
6060,수원시 영통구 광교1동 공고 제2026-72호,신규 주민등록증 발급통지 반송자 공고 (2009년 8월생),광교1동,2026-09-09,2026-09-09 ~ 2026-09-24,24,156431,https://www.suwon.go.kr/web/saeallOfr/BD_ofrView.do?notAncmtMgtNo=156431,http://www.suwon.go.kr/web/saeallOfr/BD_ofrView.do?notAncmtMgtNo=156431,2026-09-09,4,,,0,,,False,rejected,not_keyword_candidate,
6059,수원시 권선구 공고 제2026-732호,2026년 건설기계조종사면허 정기적성검사 수검 안내(3차) 반송분 공시송달 공고,안전건설과,2026-09-09,2026-09-09 ~ 2026-09-24,29,156430,https://www.suwon.go.kr/web/saeallOfr/BD_ofrView.do?notAncmtMgtNo=156430,http://www.suwon.go.kr/web/saeallOfr/BD_ofrView.do?notAncmtMgtNo=156430,2026-09-09,4,,공시송달,-1,공시송달,공시송달,False,rejected,strong_neg:공시송달,
6058,수원시 공고 제2026-2053호,"「수원시청 본관 2층 환경개선공사(건축,기계)」 전자입찰 공고(긴급)",회계과,2026-09-09,2026-09-09 ~ 2026-09-15,16,156416,https://www.suwon.go.kr/web/saeallOfr/BD_ofrView.do?notAncmtMgtNo=156416,http://www.suwon.go.kr/web/saeallOfr/BD_ofrView.do?notAncmtMgtNo=156416,2026-09-09,4,,입찰,-1,입찰,입찰,False,rejected,strong_neg:입찰,
6057,수원시 공고 제2026-2052호,「수원시 재난안전상황실 이전 구축공사(통신)」 전자입찰 공고(입찰대행),회계과,2026-09-09,2026-09-09 ~ 2026-09-15,8,156415,https://www.suwon.go.kr/web/saeallOfr/BD_ofrView.do?notAncmtMgtNo=156415,http://www.suwon.go.kr/web/saeallOfr/BD_ofrView.do?notAncmtMgtNo=156415,2026-09-09,4,,입찰,-1,입찰,입찰,False,rejected,strong_neg:입찰,
6056,수원시 공고 제2026-2051호,「수원시 재난안전상황실 이전 구축공사(전기)」 전자입찰 공고(입찰대행),회계과,2026-09-09,2026-09-09 ~ 2026-09-15,9,156414,https://www.suwon.go.kr/web/saeallOfr/BD_ofrView.do?notAncmtMgtNo=156414,http://www.suwon.go.kr/web/saeallOfr/BD_ofrView.do?notAncmtMgtNo=156414,2026-09-09,4,,입찰,-1,입찰,입찰,False,rejected,strong_neg:입찰,
6055,수원시 공고 제2026-2050호,「대기환경측정망 노후장비 교체」전자입찰 공고,회계과,2026-09-09,2026-09-09 ~ 2026-09-15,28,156410,https://www.suwon.go.kr/web/saeallOfr/BD_ofrView.do?notAncmtMgtNo=156410,http://www.suwon.go.kr/web/saeallOfr/BD_ofrView.do?notAncmtMgtNo=156410,2026-09-09,4,,입찰,-1,입찰,입찰,False,rejected,strong_neg:입찰,
6054,수원시 공고 제2026-2049호,수원시 발굴매장유산공고(수원 장안동 56-2번지 제1종 근린생활시설 신축부지 내 유적),문화예술과,2026-09-09,2026-09-09 ~ 2026-09-23,39,156406,https://www.suwon.go.kr/web/saeallOfr/BD_ofrView.do?notAncmtMgtNo=156406,http://www.suwon.go.kr/web/saeallOfr/BD_ofrView.do?notAncmtMgtNo=156406,2026-09-09,4,,,0,,,False,rejected,not_keyword_candidate,
6053,수원시 팔달구 매산동 공고 제2026-73호,매산동 통장 모집 공고(21통),매산동,2026-09-09,2026-09-09 ~ 2026-09-23,25,156402,https://www.suwon.go.kr/web/saeallOfr/BD_ofrView.do?notAncmtMgtNo=156402,http://www.suwon.go.kr/web/saeallOfr/BD_ofrView.do?notAncmtMgtNo=156402,2026-09-09,4,모집,,1,,통장,True,rejected,blacklist:통장,
6052,수원시 공고 제2026-2039호,「수원시 시세 감면 조례」일부개정조례안 입법예고,세정과,2026-09-09,2026-09-09 ~ 2026-09-29,24,156370,https://www.suwon.go.kr/web/saeallOfr/BD_ofrView.do?notAncmtMgtNo=156370,http://www.suwon.go.kr/web/saeallOfr/BD_ofrView.do?notAncmtMgtNo=156370,2026-09-09,4,,,0,,입법예고,False,rejected,blacklist:입법예고,
6051,수원시 공고 제2026-2032호,수원시 상수도공기업 회계감사인 모집 공고,맑은물정책과,2026-09-09,2026-09-09 ~ 2026-09-16,39,156355,https://www.suwon.go.kr/web/saeallOfr/BD_ofrView.do?notAncmtMgtNo=156355,http://www.suwon.go.kr/web/saeallOfr/BD_ofrView.do?notAncmtMgtNo=156355,2026-09-09,4,모집,,1,,회계감사,True,rejected,blacklist:회계감사,
6050,수원시 팔달구 우만2동 공고 제2026-50호,2026년도 4분기 우만2동 주민자치센터 프로그램 수강생 모집 공고,우만2동,2026-09-09,2026-09-09 ~ 2026-09-23,38,156152,https://www.suwon.go.kr/web/saeallOfr/BD_ofrView.do?notAncmtMgtNo=156152,http://www.suwon.go.kr/web/saeallOfr/BD_ofrView.do?notAncmtMgtNo=156152,2026-09-09,4,"모집,프로그램,수강",,3,,,True,candidate,,course_local
6049,수원시 권선구 권선1동 공고 제2026-91호,주민등록 무단전출자 최고공고,권선1동,2026-09-08,2026-09-08 ~ 2026-09-16,6,156457,https://www.suwon.go.kr/web/saeallOfr/BD_ofrView.do?notAncmtMgtNo=156457,http://www.suwon.go.kr/web/saeallOfr/BD_ofrView.do?notAncmtMgtNo=156457,2026-09-08,4,,,0,,,False,rejected,not_keyword_candidate,
6048,수원시 영통구 광교1동 공고 제2026-73호,광교1동 통장모집 공고(39통),광교1동,2026-09-08,2026-09-08 ~ 2026-09-18,28,156450,https://www.suwon.go.kr/web/saeallOfr/BD_ofrView.do?notAncmtMgtNo=156450,http://www.suwon.go.kr/web/saeallOfr/BD_ofrView.do?notAncmtMgtNo=156450,2026-09-08,4,모집,,1,,통장,True,rejected,blacklist:통장,
6047,수원시 장안구 정자3동 공고 제2026-49호,정자3동 통장 모집 공고(제20・27・32・34통),정자3동,2026-09-08,2026-09-08 ~ 2026-09-22,20,156446,https://www.suwon.go.kr/web/saeallOfr/BD_ofrView.do?notAncmtMgtNo=156446,http://www.suwon.go.kr/web/saeallOfr/BD_ofrView.do?notAncmtMgtNo=156446,2026-09-08,4,모집,,1,,통장,True,rejected,blacklist:통장,
6046,수원시 공고 제2026-2060호,임대사업자 등록말소 사전통지 및 청문실시 반송에 따른  공시송달 공고,공동주택과,2026-09-08,2026-09-08 ~ 2026-09-26,33,156445,https://www.suwon.go.kr/web/saeallOfr/BD_ofrView.do?notAncmtMgtNo=156445,http://www.suwon.go.kr/web/saeallOfr/BD_ofrView.do?notAncmtMgtNo=156445,2026-09-08,4,,공시송달,-1,공시송달,공시송달,False,rejected,strong_neg:공시송달,
6045,수원시 장안구 공고 제2026-437호,폐기물관리법 위반 과태료 본부과 공시송달,환경위생과,2026-09-08,2026-09-08 ~ 2026-09-22,32,156444,https://www.suwon.go.kr/web/saeallOfr/BD_ofrView.do?notAncmtMgtNo=156444,http://www.suwon.go.kr/web/saeallOfr/BD_ofrView.do?notAncmtMgtNo=156444,2026-09-08,4,,"공시송달,과태료",-2,"공시송달,과태료",공시송달,False,rejected,"strong_neg:공시송달,과태료",
6044,수원시 장안구 송죽동 공고 제2026-53호,2026년 4분기 송죽동 주민자치센터 프로그램수강생 모집 공고,송죽동,2026-09-08,2026-09-08 ~ 2026-09-30,37,156443,https://www.suwon.go.kr/web/saeallOfr/BD_ofrView.do?notAncmtMgtNo=156443,http://www.suwon.go.kr/web/saeallOfr/BD_ofrView.do?notAncmtMgtNo=156443,2026-09-08,4,"모집,프로그램,수강",,3,,,True,candidate,,course_local
6043,수원시 장안구 공고 제2026-436호,폐기물관리법 위반 과태료 사전통지 공시송달,환경위생과,2026-09-08,2026-09-08 ~ 2026-09-22,25,156442,https://www.suwon.go.kr/web/saeallOfr/BD_ofrView.do?notAncmtMgtNo=156442,http://www.suwon.go.kr/web/saeallOfr/BD_ofrView.do?notAncmtMgtNo=156442,2026-09-08,4,,"공시송달,과태료",-2,"공시송달,과태료",공시송달,False,rejected,"strong_neg:공시송달,과태료",
6042,수원시 권선구 호매실동 공고 제2026-59호,호매실동 주민자치회 신규 위촉 위원 인적사항 공개,호매실동,2026-09-08,2026-09-08 ~ 2026-09-23,42,156440,https://www.suwon.go.kr/web/saeallOfr/BD_ofrView.do?notAncmtMgtNo=156440,http://www.suwon.go.kr/web/saeallOfr/BD_ofrView.do?notAncmtMgtNo=156440,2026-09-08,4,,,0,,위원,False,rejected,blacklist:위원,
6041,수원시 권선구 세류1동 공고 제2026-35호,2026년 민방위 사이버 보충1차 교육 통지서 반송에 따른 공시송달 공고,세류1동,2026-09-08,2026-09-08 ~ 2026-09-28,25,156435,https://www.suwon.go.kr/web/saeallOfr/BD_ofrView.do?notAncmtMgtNo=156435,http://www.suwon.go.kr/web/saeallOfr/BD_ofrView.do?notAncmtMgtNo=156435,2026-09-08,4,교육,공시송달,0,공시송달,공시송달,False,rejected,strong_neg:공시송달,
6040,수원시 팔달구 행궁동 공고 제2026-41호,2026년 4분기 행궁동 주민자치센터 수강생 모집 공고,행궁동,2026-09-08,2026-09-08 ~ 2026-09-30,41,156434,https://www.suwon.go.kr/web/saeallOfr/BD_ofrView.do?notAncmtMgtNo=156434,http://www.suwon.go.kr/web/saeallOfr/BD_ofrView.do?notAncmtMgtNo=156434,2026-09-08,4,"모집,수강",,2,,,True,candidate,,course_local
6039,수원시 영통구 광교2동 공고 제2026-34호,광교2동 주민자치회 위촉 위원 인적사항 공고,광교2동,2026-09-08,2026-09-08 ~ 2026-09-23,49,156432,https://www.suwon.go.kr/web/saeallOfr/BD_ofrView.do?notAncmtMgtNo=156432,http://www.suwon.go.kr/web/saeallOfr/BD_ofrView.do?notAncmtMgtNo=156432,2026-09-08,4,,,0,,위원,False,rejected,blacklist:위원,
6038,수원시 팔달구 공고 제2026-560호,담배소매업 폐업 및 신규 지정신청 공고,경제교통과,2026-09-08,2026-09-08 ~ 2026-09-16,56,156429,https://www.suwon.go.kr/web/saeallOfr/BD_ofrView.do?notAncmtMgtNo=156429,http://www.suwon.go.kr/web/saeallOfr/BD_ofrView.do?notAncmtMgtNo=156429,2026-09-08,4,신청,,1,,담배소매,True,rejected,blacklist:담배소매,
6037,수원시 공고 제2026-2055호,"사업수행능력평가 업무중첩도 평가자료 공개 공고[조원1동 복합문화센터 건립공사(건축,기계) 건설사업관리용역]",시설공사과,2026-09-08,2026-09-08 ~ 2026-09-14,44,156428,https://www.suwon.go.kr/web/saeallOfr/BD_ofrView.do?notAncmtMgtNo=156428,http://www.suwon.go.kr/web/saeallOfr/BD_ofrView.do?notAncmtMgtNo=156428,2026-09-08,4,,용역,-1,용역,용역,False,rejected,strong_neg:용역,
6036,수원시 권선구 입북동 공고 제2026-38호,2026년 4분기 입북동 주민자치센터 프로그램 수강생 모집 공고,입북동,2026-09-08,2026-09-08 ~ 2026-09-23,47,156425,https://www.suwon.go.kr/web/saeallOfr/BD_ofrView.do?notAncmtMgtNo=156425,http://www.suwon.go.kr/web/saeallOfr/BD_ofrView.do?notAncmtMgtNo=156425,2026-09-08,4,"모집,프로그램,수강",,3,,,True,candidate,,course_local
6035,수원시 팔달구 공고 제2026-558호,수원시 팔달구 께끗한 쓰레기처리 감시원(기간제 근로자) 채용 공고,환경위생과,2026-09-08,2026-09-08 ~ 2026-09-18,94,156424,https://www.suwon.go.kr/web/saeallOfr/BD_ofrView.do?notAncmtMgtNo=156424,http://www.suwon.go.kr/web/saeallOfr/BD_ofrView.do?notAncmtMgtNo=156424,2026-09-08,4,,,0,,기간제,False,rejected,blacklist:기간제,
6034,수원시 장안구 공고 제2026-435호,2026년 장안구 농어민 기회소득 지원사업 기간제근로자 채용 공고,경제교통과,2026-09-08,2026-09-08 ~ 2026-09-17,163,156422,https://www.suwon.go.kr/web/saeallOfr/BD_ofrView.do?notAncmtMgtNo=156422,http://www.suwon.go.kr/web/saeallOfr/BD_ofrView.do?notAncmtMgtNo=156422,2026-09-08,4,지원사업,,1,,기간제,True,rejected,blacklist:기간제,
6033,수원시 팔달구 행궁동 공고 제2026-40호,"행궁동 통장 모집 공고(2, 3, 9통)",행궁동,2026-09-08,2026-09-08 ~ 2026-09-28,24,156421,https://www.suwon.go.kr/web/saeallOfr/BD_ofrView.do?notAncmtMgtNo=156421,http://www.suwon.go.kr/web/saeallOfr/BD_ofrView.do?notAncmtMgtNo=156421,2026-09-08,5,모집,,1,,통장,True,rejected,blacklist:통장,
6032,수원시 팔달구 인계동 공고 제2026-100호,2026년 민방위 사이버교육 통지서 반송에 따른 공시송달 공고,인계동,2026-09-08,2026-09-08 ~ 2026-09-22,15,156420,https://www.suwon.go.kr/web/saeallOfr/BD_ofrView.do?notAncmtMgtNo=156420,http://www.suwon.go.kr/web/saeallOfr/BD_ofrView.do?notAncmtMgtNo=156420,2026-09-08,5,교육,공시송달,0,공시송달,공시송달,False,rejected,strong_neg:공시송달,
6031,수원시 장안구 공고 제2026-434호,친환경자동차법 위반 과태료 체납에 따른 독촉고지서 반송분 공시송달 공고,환경위생과,2026-09-08,2026-09-09 ~ 2026-09-24,5,156418,https://www.suwon.go.kr/web/saeallOfr/BD_ofrView.do?notAncmtMgtNo=156418,http://www.suwon.go.kr/web/saeallOfr/BD_ofrView.do?notAncmtMgtNo=156418,2026-09-08,5,,"공시송달,과태료",-2,"공시송달,과태료",공시송달,False,rejected,"strong_neg:공시송달,과태료",
6030,수원시 장안구 연무동 공고 제2026-55호,연무동 통장모집 공고(6통),연무동,2026-09-08,2026-09-08 ~ 2026-09-18,28,156417,https://www.suwon.go.kr/web/saeallOfr/BD_ofrView.do?notAncmtMgtNo=156417,http://www.suwon.go.kr/web/saeallOfr/BD_ofrView.do?notAncmtMgtNo=156417,2026-09-08,5,모집,,1,,통장,True,rejected,blacklist:통장,
6029,수원시 권선구 권선2동 공고 제2026-55호,권선2동 통장(30통) 공개모집 재공고,권선2동,2026-09-08,2026-09-08 ~ 2026-09-18,15,156412,https://www.suwon.go.kr/web/saeallOfr/BD_ofrView.do?notAncmtMgtNo=156412,http://www.suwon.go.kr/web/saeallOfr/BD_ofrView.do?notAncmtMgtNo=156412,2026-09-08,5,모집,,1,,통장,True,rejected,blacklist:통장,
6028,수원시 영통구 영통2동 공고 제2026-61호,주민등록증 발급통지 반송자 공고(2008년 09월생),영통2동,2026-09-08,2026-09-08 ~ 2026-09-22,6,156411,https://www.suwon.go.kr/web/saeallOfr/BD_ofrView.do?notAncmtMgtNo=156411,http://www.suwon.go.kr/web/saeallOfr/BD_ofrView.do?notAncmtMgtNo=156411,2026-09-08,5,,,0,,,False,rejected,not_keyword_candidate,
6027,수원시 도로교통관리사업소 자동차관리과 공고 제2026-70호,소유자 불명 무단방치차량 강제처리(폐차) 공고 및 이해관계인 권리행사 통보,자동차관리과,2026-09-08,2026-09-08 ~ 2026-09-28,33,156409,https://www.suwon.go.kr/web/saeallOfr/BD_ofrView.do?notAncmtMgtNo=156409,http://www.suwon.go.kr/web/saeallOfr/BD_ofrView.do?notAncmtMgtNo=156409,2026-09-08,5,,,0,,,False,rejected,not_keyword_candidate,
6026,수원시 도로교통관리사업소 자동차관리과 공고 제2026-69호,소유자 불명 무단방치자동차 자진처리명령 공시송달 공고,자동차관리과,2026-09-08,2026-09-08 ~ 2026-09-28,26,156408,https://www.suwon.go.kr/web/saeallOfr/BD_ofrView.do?notAncmtMgtNo=156408,http://www.suwon.go.kr/web/saeallOfr/BD_ofrView.do?notAncmtMgtNo=156408,2026-09-08,5,,공시송달,-1,공시송달,공시송달,False,rejected,strong_neg:공시송달,
6025,수원시 영통구 영통2동 공고 제2026-60호,신규 주민등록증 발급통지 반송자 공고(2009년 8월생),영통2동,2026-09-08,2026-09-08 ~ 2026-09-22,6,156407,https://www.suwon.go.kr/web/saeallOfr/BD_ofrView.do?notAncmtMgtNo=156407,http://www.suwon.go.kr/web/saeallOfr/BD_ofrView.do?notAncmtMgtNo=156407,2026-09-08,5,,,0,,,False,rejected,not_keyword_candidate,
6024,수원시 권선구 곡선동 공고 제2026-63호,2026년 4분기 곡선동 주민자치센터 프로그램 수강생 모집 공고,곡선동,2026-09-08,2026-09-08 ~ 2026-09-30,91,156401,https://www.suwon.go.kr/web/saeallOfr/BD_ofrView.do?notAncmtMgtNo=156401,http://www.suwon.go.kr/web/saeallOfr/BD_ofrView.do?notAncmtMgtNo=156401,2026-09-08,5,"모집,프로그램,수강",,3,,,True,candidate,,course_local
6023,수원시 공고 제2026-2045호,무단방치 자전거 처분 공고(2026. 9월),교통정책과,2026-09-08,2026-09-08 ~ 2026-09-23,48,156396,https://www.suwon.go.kr/web/saeallOfr/BD_ofrView.do?notAncmtMgtNo=156396,http://www.suwon.go.kr/web/saeallOfr/BD_ofrView.do?notAncmtMgtNo=156396,2026-09-08,5,,,0,,,False,rejected,not_keyword_candidate,
6022,수원시 공고 제2026-2044호,지방세 압류자동차 공매공고,징수과,2026-09-08,2026-09-08 ~ 2026-09-21,56,156395,https://www.suwon.go.kr/web/saeallOfr/BD_ofrView.do?notAncmtMgtNo=156395,http://www.suwon.go.kr/web/saeallOfr/BD_ofrView.do?notAncmtMgtNo=156395,2026-09-08,5,,,0,,,False,rejected,not_keyword_candidate,
6021,수원시 영통구 공고 제2026-469호,영통구청 기간제근로자(조리원) 채용계획 공고,행정지원과,2026-09-08,2026-09-08 ~ 2026-09-15,80,156390,https://www.suwon.go.kr/web/saeallOfr/BD_ofrView.do?notAncmtMgtNo=156390,http://www.suwon.go.kr/web/saeallOfr/BD_ofrView.do?notAncmtMgtNo=156390,2026-09-08,5,,,0,,기간제,False,rejected,blacklist:기간제,
6020,수원시 권선구 공고 제2026-729호,「친환경자동차법」위반 과태료 고지서 반송분 공시송달 공고,환경위생과,2026-09-08,2026-09-08 ~ 2026-09-23,39,156389,https://www.suwon.go.kr/web/saeallOfr/BD_ofrView.do?notAncmtMgtNo=156389,http://www.suwon.go.kr/web/saeallOfr/BD_ofrView.do?notAncmtMgtNo=156389,2026-09-08,5,,"공시송달,과태료",-2,"공시송달,과태료",공시송달,False,rejected,"strong_neg:공시송달,과태료",
6019,수원시 권선구 공고 제2026-728호,「친환경자동차법」위반 과태료 사전통지 반송분 공시송달 공고,환경위생과,2026-09-08,2026-09-08 ~ 2026-09-23,21,156388,https://www.suwon.go.kr/web/saeallOfr/BD_ofrView.do?notAncmtMgtNo=156388,http://www.suwon.go.kr/web/saeallOfr/BD_ofrView.do?notAncmtMgtNo=156388,2026-09-08,5,,"공시송달,과태료",-2,"공시송달,과태료",공시송달,False,rejected,"strong_neg:공시송달,과태료",
6018,수원시 권선구 서둔동 공고 제2026-68호,2026년 민방위 1~2년차 집합교육(보충1차) 통지서 반송에 따른 공시송달 공고,서둔동,2026-09-08,2026-09-08 ~ 2026-09-22,34,156383,https://www.suwon.go.kr/web/saeallOfr/BD_ofrView.do?notAncmtMgtNo=156383,http://www.suwon.go.kr/web/saeallOfr/BD_ofrView.do?notAncmtMgtNo=156383,2026-09-08,5,교육,공시송달,0,공시송달,공시송달,False,rejected,strong_neg:공시송달,
6017,수원시 영통구 공고 제2026-468호,2026년 4분기 영통구청 구내식당 급식물품(부식품)구매,행정지원과,2026-09-08,2026-09-08 ~ 2026-09-15,41,156374,https://www.suwon.go.kr/web/saeallOfr/BD_ofrView.do?notAncmtMgtNo=156374,http://www.suwon.go.kr/web/saeallOfr/BD_ofrView.do?notAncmtMgtNo=156374,2026-09-08,5,,,0,,,False,rejected,not_keyword_candidate,
6016,수원시 팔달구 우만2동 공고 제2026-52호,2026년 민방위 집합교육(보충1차) 통지서 반송에 따른 공시송달 공고,우만2동,2026-09-08,2026-09-08 ~ 2026-09-22,9,156373,https://www.suwon.go.kr/web/saeallOfr/BD_ofrView.do?notAncmtMgtNo=156373,http://www.suwon.go.kr/web/saeallOfr/BD_ofrView.do?notAncmtMgtNo=156373,2026-09-08,5,교육,공시송달,0,공시송달,공시송달,False,rejected,strong_neg:공시송달,
6015,수원시 권선구 세류1동 공고 제2026-33호,2026년 민방위 집합교육 통지서 반송에 따른 공시송달 공고(집합 기본 보충 1차),세류1동,2026-09-08,2026-09-08 ~ 2026-09-28,11,156364,https://www.suwon.go.kr/web/saeallOfr/BD_ofrView.do?notAncmtMgtNo=156364,http://www.suwon.go.kr/web/saeallOfr/BD_ofrView.do?notAncmtMgtNo=156364,2026-09-08,5,교육,공시송달,0,공시송달,공시송달,False,rejected,strong_neg:공시송달,
6014,수원시 공고 제2026-2028호,「수원시 자원봉사활동 지원 조례 시행규칙」일부개정규칙안 입법예고,자치분권과,2026-09-08,2026-09-08 ~ 2026-09-18,37,156328,https://www.suwon.go.kr/web/saeallOfr/BD_ofrView.do?notAncmtMgtNo=156328,http://www.suwon.go.kr/web/saeallOfr/BD_ofrView.do?notAncmtMgtNo=156328,2026-09-08,5,,,0,,입법예고,False,rejected,blacklist:입법예고,
6013,수원시 권선구 세류3동 공고 제2026-67호,세류3동 주민자치회 위원 공개 모집 공고,세류3동,2026-09-08,2026-09-08 ~ 2026-09-21,61,156320,https://www.suwon.go.kr/web/saeallOfr/BD_ofrView.do?notAncmtMgtNo=156320,http://www.suwon.go.kr/web/saeallOfr/BD_ofrView.do?notAncmtMgtNo=156320,2026-09-08,5,모집,,1,,위원,True,rejected,blacklist:위원,
6012,수원시 고시 제2026-386호,수원 도시관리계획(매탄4 지구단위계획) 결정(변경) 및 지형도면 고시,지구단위계획과,2026-09-08,,43,156274,https://www.suwon.go.kr/web/saeallOfr/BD_ofrView.do?notAncmtMgtNo=156274,http://www.suwon.go.kr/web/saeallOfr/BD_ofrView.do?notAncmtMgtNo=156274,2026-09-08,5,,,0,,,False,rejected,not_keyword_candidate,
6011,수원시 장안구 정자3동 공고 제2026-46호,2026년 주민등록 사실조사(방문) 실시 안내,정자3동,2026-09-08,2026-09-08 ~ 2026-10-26,28,156247,https://www.suwon.go.kr/web/saeallOfr/BD_ofrView.do?notAncmtMgtNo=156247,http://www.suwon.go.kr/web/saeallOfr/BD_ofrView.do?notAncmtMgtNo=156247,2026-09-08,5,,,0,,,False,rejected,not_keyword_candidate,
6010,수원시 권선구 권선1동 공고 제2026-90호,주민등록 무단전출자 직권조치 결과 공고,권선1동,2026-09-07,2026-09-07 ~ 2026-09-22,3,156413,https://www.suwon.go.kr/web/saeallOfr/BD_ofrView.do?notAncmtMgtNo=156413,http://www.suwon.go.kr/web/saeallOfr/BD_ofrView.do?notAncmtMgtNo=156413,2026-09-07,5,,,0,,결과 공고,False,rejected,blacklist:결과 공고,
6009,수원시 권선구 입북동 공고 제2026-36호,거주불명자 행정상 관리주소 이전 공고(1차),입북동,2026-09-07,2026-09-07 ~ 2026-09-25,5,156404,https://www.suwon.go.kr/web/saeallOfr/BD_ofrView.do?notAncmtMgtNo=156404,http://www.suwon.go.kr/web/saeallOfr/BD_ofrView.do?notAncmtMgtNo=156404,2026-09-07,5,,,0,,,False,rejected,not_keyword_candidate,
6008,수원시 공고 제2026-2048호,제20회 수원시 평생학습축제 참여기관(단체) 선정 결과 공고,평생학습과,2026-09-07,2026-09-07 ~ 2026-09-21,67,156400,https://www.suwon.go.kr/web/saeallOfr/BD_ofrView.do?notAncmtMgtNo=156400,http://www.suwon.go.kr/web/saeallOfr/BD_ofrView.do?notAncmtMgtNo=156400,2026-09-07,5,,,0,,선정 결과,False,rejected,blacklist:선정 결과,
6007,수원시 팔달구 공고 제2026-557호,"이륜자동차 의무보험 미가입 과태료 사전통지, 본부과 및 독촉 반송분 공시송달 공고",경제교통과,2026-09-07,2026-09-07 ~ 2026-09-23,23,156397,https://www.suwon.go.kr/web/saeallOfr/BD_ofrView.do?notAncmtMgtNo=156397,http://www.suwon.go.kr/web/saeallOfr/BD_ofrView.do?notAncmtMgtNo=156397,2026-09-07,5,,"공시송달,과태료",-2,"공시송달,과태료",공시송달,False,rejected,"strong_neg:공시송달,과태료",
6006,수원시 영통구 광교1동 공고 제2026-71호,무단전출자에 대한 직권조치결과 공고,광교1동,2026-09-07,2026-09-07 ~ 2026-09-21,37,156394,https://www.suwon.go.kr/web/saeallOfr/BD_ofrView.do?notAncmtMgtNo=156394,http://www.suwon.go.kr/web/saeallOfr/BD_ofrView.do?notAncmtMgtNo=156394,2026-09-07,5,,,0,,결과 공고,False,rejected,blacklist:결과 공고,
6005,수원시 도로교통관리사업소 공고 제2026-126호,자동차관리법위반 과태료부과 사전통지서 반송 공시송달 공고,자동차등록과,2026-09-07,2026-09-07 ~ 2026-09-23,32,156393,https://www.suwon.go.kr/web/saeallOfr/BD_ofrView.do?notAncmtMgtNo=156393,http://www.suwon.go.kr/web/saeallOfr/BD_ofrView.do?notAncmtMgtNo=156393,2026-09-07,5,,"공시송달,과태료",-2,"공시송달,과태료",공시송달,False,rejected,"strong_neg:공시송달,과태료",
6004,수원시 권선구 서둔동 공고 제2026-69호,"서둔동 통장 모집 공고(제7, 8, 18, 24, 28, 57통)",서둔동,2026-09-07,2026-09-07 ~ 2026-09-18,24,156391,https://www.suwon.go.kr/web/saeallOfr/BD_ofrView.do?notAncmtMgtNo=156391,http://www.suwon.go.kr/web/saeallOfr/BD_ofrView.do?notAncmtMgtNo=156391,2026-09-07,5,모집,,1,,통장,True,rejected,blacklist:통장,
6003,수원시 공고 제2026-2043호,「2026 수원 야외도서관 행사운영 용역(협상)」입찰 재공고,회계과,2026-09-07,2026-09-07 ~ 2026-09-18,42,156387,https://www.suwon.go.kr/web/saeallOfr/BD_ofrView.do?notAncmtMgtNo=156387,http://www.suwon.go.kr/web/saeallOfr/BD_ofrView.do?notAncmtMgtNo=156387,2026-09-07,5,,"입찰,용역",-2,"입찰,용역",입찰,False,rejected,"strong_neg:입찰,용역",
6002,수원시 권선구 공고 제2026-727호,담배소매업 폐업 및 지정신청 공고,경제교통과,2026-09-07,2026-09-07 ~ 2026-09-15,57,156386,https://www.suwon.go.kr/web/saeallOfr/BD_ofrView.do?notAncmtMgtNo=156386,http://www.suwon.go.kr/web/saeallOfr/BD_ofrView.do?notAncmtMgtNo=156386,2026-09-07,5,신청,,1,,담배소매,True,rejected,blacklist:담배소매,
6001,수원시 영통구 매탄2동 공고 제2026-41호,매탄2동 주민자치회 신규 위촉 위원 인적사항 공고,매탄2동,2026-09-07,2026-09-07 ~ 2026-09-27,27,156385,https://www.suwon.go.kr/web/saeallOfr/BD_ofrView.do?notAncmtMgtNo=156385,http://www.suwon.go.kr/web/saeallOfr/BD_ofrView.do?notAncmtMgtNo=156385,2026-09-07,5,,,0,,위원,False,rejected,blacklist:위원,
6000,수원시 장안구 정자3동 공고 제2026-48호,정자3동 통장 위촉 공고(제43통),정자3동,2026-09-07,2026-09-07 ~ 2026-09-18,26,156384,https://www.suwon.go.kr/web/saeallOfr/BD_ofrView.do?notAncmtMgtNo=156384,http://www.suwon.go.kr/web/saeallOfr/BD_ofrView.do?notAncmtMgtNo=156384,2026-09-07,5,,,0,,통장,False,rejected,blacklist:통장,
5999,수원시 권선구 세류1동 공고 제2026-34호,2026년 4분기 세류1동 주민자치센터 프로그램 수강생 모집,세류1동,2026-09-07,2026-09-07 ~ 2026-09-25,17,156382,https://www.suwon.go.kr/web/saeallOfr/BD_ofrView.do?notAncmtMgtNo=156382,http://www.suwon.go.kr/web/saeallOfr/BD_ofrView.do?notAncmtMgtNo=156382,2026-09-07,5,"모집,프로그램,수강",,3,,,True,candidate,,course_local
5998,수원시 팔달구 공고 제2026-556호,2026년 4분기 팔달구청 구내식당 급식물품(부식품) 구매 공고,행정지원과,2026-09-07,2026-09-07 ~ 2026-09-15,18,156379,https://www.suwon.go.kr/web/saeallOfr/BD_ofrView.do?notAncmtMgtNo=156379,http://www.suwon.go.kr/web/saeallOfr/BD_ofrView.do?notAncmtMgtNo=156379,2026-09-07,5,,,0,,,False,rejected,not_keyword_candidate,
5997,수원시 권선구 세류2동 공고 제2026-73호,직권조치 결과 공고,세류2동,2026-09-07,2026-09-07 ~ 2026-09-21,33,156376,https://www.suwon.go.kr/web/saeallOfr/BD_ofrView.do?notAncmtMgtNo=156376,http://www.suwon.go.kr/web/saeallOfr/BD_ofrView.do?notAncmtMgtNo=156376,2026-09-07,5,,,0,,결과 공고,False,rejected,blacklist:결과 공고,
5996,수원시 팔달구 우만2동 공고 제2026-51호,2026년 민방위 사이버교육(보충1차) 통지서 반송에 따른 공시송달 공고,우만2동,2026-09-07,2026-09-07 ~ 2026-09-21,8,156372,https://www.suwon.go.kr/web/saeallOfr/BD_ofrView.do?notAncmtMgtNo=156372,http://www.suwon.go.kr/web/saeallOfr/BD_ofrView.do?notAncmtMgtNo=156372,2026-09-07,5,교육,공시송달,0,공시송달,공시송달,False,rejected,strong_neg:공시송달,
5995,수원시 영통구 공고 제2026-467호,부동산거래 허위신고 과태료 독촉고지서 반송분 공시송달 공고(이0일),토지관리과,2026-09-07,2026-09-07 ~ 2026-09-30,18,156371,https://www.suwon.go.kr/web/saeallOfr/BD_ofrView.do?notAncmtMgtNo=156371,http://www.suwon.go.kr/web/saeallOfr/BD_ofrView.do?notAncmtMgtNo=156371,2026-09-07,5,,"공시송달,과태료",-2,"공시송달,과태료",공시송달,False,rejected,"strong_neg:공시송달,과태료",
5994,수원시 공고 제2026-2038호,2026년「수원시 야생조류 충돌 저감조치 지원사업」재공고,환경정책과,2026-09-07,2026-09-07 ~ 2026-09-30,20,156369,https://www.suwon.go.kr/web/saeallOfr/BD_ofrView.do?notAncmtMgtNo=156369,http://www.suwon.go.kr/web/saeallOfr/BD_ofrView.do?notAncmtMgtNo=156369,2026-09-07,5,지원사업,,1,,,True,candidate,,support_apply
5993,수원시 팔달구 공고 제2026-555호,"이륜자동차 무등록 운행 과태료 사전통지, 본부과 및 독촉 반송분 공시송달 공고",경제교통과,2026-09-07,2026-09-07 ~ 2026-09-21,9,156368,https://www.suwon.go.kr/web/saeallOfr/BD_ofrView.do?notAncmtMgtNo=156368,http://www.suwon.go.kr/web/saeallOfr/BD_ofrView.do?notAncmtMgtNo=156368,2026-09-07,5,,"공시송달,과태료",-2,"공시송달,과태료",공시송달,False,rejected,"strong_neg:공시송달,과태료",
5992,수원시 권선구 곡선동 공고 제2026-62호,곡선동 주민자치회 운영세칙 일부개정 공고,곡선동,2026-09-07,2026-09-07 ~ 2026-09-22,8,156367,https://www.suwon.go.kr/web/saeallOfr/BD_ofrView.do?notAncmtMgtNo=156367,http://www.suwon.go.kr/web/saeallOfr/BD_ofrView.do?notAncmtMgtNo=156367,2026-09-07,5,,,0,,,False,rejected,not_keyword_candidate,
5991,수원시 영통구 영통1동 공고 제2026-52호,신규주민등록증 발급통지 반송자 공고(2009년 9월생),영통1동,2026-09-07,2026-09-07 ~ 2026-09-21,46,156366,https://www.suwon.go.kr/web/saeallOfr/BD_ofrView.do?notAncmtMgtNo=156366,http://www.suwon.go.kr/web/saeallOfr/BD_ofrView.do?notAncmtMgtNo=156366,2026-09-07,5,,,0,,,False,rejected,not_keyword_candidate,
5990,수원시 팔달구 인계동 공고 제2026-99호,2026년 4분기 인계동 주민자치센터 프로그램 수강생 모집 공고,인계동,2026-09-07,2026-09-07 ~ 2026-09-28,113,156362,https://www.suwon.go.kr/web/saeallOfr/BD_ofrView.do?notAncmtMgtNo=156362,http://www.suwon.go.kr/web/saeallOfr/BD_ofrView.do?notAncmtMgtNo=156362,2026-09-07,5,"모집,프로그램,수강",,3,,,True,candidate,,course_local
5989,수원시 공고 제2026-2033호,제4기 수원시 협치위원회 시민공모 위원 선정 결과 공고,시민소통과,2026-09-07,2026-09-07 ~ 2026-09-30,109,156358,https://www.suwon.go.kr/web/saeallOfr/BD_ofrView.do?notAncmtMgtNo=156358,http://www.suwon.go.kr/web/saeallOfr/BD_ofrView.do?notAncmtMgtNo=156358,2026-09-07,5,"시민,공모",,2,,위원,True,rejected,blacklist:위원,
5988,수원시 권선구 서둔동 공고 제2026-67호,2026년 4분기 서둔동 주민자치센터 프로그램 수강생 모집 공고,서둔동,2026-09-07,2026-09-07 ~ 2026-09-18,58,156353,https://www.suwon.go.kr/web/saeallOfr/BD_ofrView.do?notAncmtMgtNo=156353,http://www.suwon.go.kr/web/saeallOfr/BD_ofrView.do?notAncmtMgtNo=156353,2026-09-07,5,"모집,프로그램,수강",,3,,,True,candidate,,course_local
5987,수원시 권선구 세류2동 공고 제2026-72호,"세류2동 통장 모집 공고(제25, 33통)",세류2동,2026-09-07,2026-09-07 ~ 2026-09-21,40,156349,https://www.suwon.go.kr/web/saeallOfr/BD_ofrView.do?notAncmtMgtNo=156349,http://www.suwon.go.kr/web/saeallOfr/BD_ofrView.do?notAncmtMgtNo=156349,2026-09-07,5,모집,,1,,통장,True,rejected,blacklist:통장,
5986,수원시 공고 제2026-2030호,2026년 9월 전용차로 통행위반 과태료 고지서 공시송달 공고 (2026년 8월 부과분),대중교통과,2026-09-07,2026-09-07 ~ 2026-09-21,22,156346,https://www.suwon.go.kr/web/saeallOfr/BD_ofrView.do?notAncmtMgtNo=156346,http://www.suwon.go.kr/web/saeallOfr/BD_ofrView.do?notAncmtMgtNo=156346,2026-09-07,5,,"공시송달,과태료",-2,"공시송달,과태료",공시송달,False,rejected,"strong_neg:공시송달,과태료",
5985,수원시 공고 제2026-2029호,식품위생업소 영업신고사항 직권말소 예정 공고,위생정책과,2026-09-07,2026-09-07 ~ 2026-09-21,26,156345,https://www.suwon.go.kr/web/saeallOfr/BD_ofrView.do?notAncmtMgtNo=156345,http://www.suwon.go.kr/web/saeallOfr/BD_ofrView.do?notAncmtMgtNo=156345,2026-09-07,5,,,0,,,False,rejected,not_keyword_candidate,
5984,수원시 공고 제2026-2027호,보상계획공고[수원도시계획시설(도로:소로2-1009호선),도로건설과,2026-09-07,2026-09-07 ~ 2026-09-22,70,156325,https://www.suwon.go.kr/web/saeallOfr/BD_ofrView.do?notAncmtMgtNo=156325,http://www.suwon.go.kr/web/saeallOfr/BD_ofrView.do?notAncmtMgtNo=156325,2026-09-07,5,,"도시계획,보상",-2,,,False,rejected,not_keyword_candidate,
5983,수원시 공고 제2026-2026호,수원시 어린이・사회복지급식관리지원센터 직원채용 공고 홍보(안내),위생정책과,2026-09-07,2026-09-07 ~ 2026-09-14,153,156324,https://www.suwon.go.kr/web/saeallOfr/BD_ofrView.do?notAncmtMgtNo=156324,http://www.suwon.go.kr/web/saeallOfr/BD_ofrView.do?notAncmtMgtNo=156324,2026-09-07,6,,,0,,채용,False,rejected,blacklist:채용,
5982,수원시 공고 제2026-2017호,수원 도시계획시설[제31호(반달) 근린공원] 리모델링 사업 사업시행자 지정 및 실시계획인가 열람 공고,생태공원과,2026-09-07,2026-09-07 ~ 2026-09-21,39,156301,https://www.suwon.go.kr/web/saeallOfr/BD_ofrView.do?notAncmtMgtNo=156301,http://www.suwon.go.kr/web/saeallOfr/BD_ofrView.do?notAncmtMgtNo=156301,2026-09-07,6,,"도시계획,실시계획",-2,,인가,False,rejected,blacklist:인가,
5981,수원시 공고 제2026-2015호,수원 도시계획시설[제14호(구운) 근린공원] 구운육교 승강기 설치사업 사업시행자 지정 및 실시계획인가 열람 공고,생태공원과,2026-09-07,2026-09-07 ~ 2026-09-21,23,156295,https://www.suwon.go.kr/web/saeallOfr/BD_ofrView.do?notAncmtMgtNo=156295,http://www.suwon.go.kr/web/saeallOfr/BD_ofrView.do?notAncmtMgtNo=156295,2026-09-07,6,,"도시계획,실시계획",-2,,인가,False,rejected,blacklist:인가,
5980,수원시 공고 제2026-2037호,전문건설업 폐업 공고,건설정책과,2026-09-04,2026-09-04 ~ 2026-09-19,65,156365,https://www.suwon.go.kr/web/saeallOfr/BD_ofrView.do?notAncmtMgtNo=156365,http://www.suwon.go.kr/web/saeallOfr/BD_ofrView.do?notAncmtMgtNo=156365,2026-09-04,6,,,0,,,False,rejected,not_keyword_candidate,
5979,수원시 공고 제2026-2036호,"(26수용0190)인덕원~동탄 복선전철 건설사업, 수원시 12차 수용재결에 따른 공시송달 공고",첨단교통과,2026-09-04,2026-09-04 ~ 2026-09-20,77,156361,https://www.suwon.go.kr/web/saeallOfr/BD_ofrView.do?notAncmtMgtNo=156361,http://www.suwon.go.kr/web/saeallOfr/BD_ofrView.do?notAncmtMgtNo=156361,2026-09-04,6,,"공시송달,수용",-2,공시송달,공시송달,False,rejected,strong_neg:공시송달,
5978,수원시 공고 제2026-2035호,"(26경정0132)인덕원~동탄 복선전철 건설사업, 수원시 12차 수용재결에 따른 공시송달 공고",첨단교통과,2026-09-04,2026-09-04 ~ 2026-09-20,57,156360,https://www.suwon.go.kr/web/saeallOfr/BD_ofrView.do?notAncmtMgtNo=156360,http://www.suwon.go.kr/web/saeallOfr/BD_ofrView.do?notAncmtMgtNo=156360,2026-09-04,6,,"공시송달,수용",-2,공시송달,공시송달,False,rejected,strong_neg:공시송달,
5977,수원시 공고 제2026-2034호,"(26경정0112)인덕원~동탄 복선전철 건설사업, 수원시 7차 수용재결에 따른 공시송달 공고",첨단교통과,2026-09-04,2026-09-04 ~ 2026-09-20,61,156359,https://www.suwon.go.kr/web/saeallOfr/BD_ofrView.do?notAncmtMgtNo=156359,http://www.suwon.go.kr/web/saeallOfr/BD_ofrView.do?notAncmtMgtNo=156359,2026-09-04,6,,"공시송달,수용",-2,공시송달,공시송달,False,rejected,strong_neg:공시송달,
5976,수원시 권선구 권선1동 공고 제2026-89호,2026년 4분기 권선1동 주민자치센터 프로그램 수강생 모집 공고,권선1동,2026-09-04,2026-09-04 ~ 2026-09-30,6,156357,https://www.suwon.go.kr/web/saeallOfr/BD_ofrView.do?notAncmtMgtNo=156357,http://www.suwon.go.kr/web/saeallOfr/BD_ofrView.do?notAncmtMgtNo=156357,2026-09-04,6,"모집,프로그램,수강",,3,,,True,candidate,,course_local
5975,수원시 장안구 공고 제2026-432호,옥외광고물법 위반 과태료 본부과 통지 공시송달 공고,건축과,2026-09-04,2026-09-04 ~ 2026-09-18,58,156356,https://www.suwon.go.kr/web/saeallOfr/BD_ofrView.do?notAncmtMgtNo=156356,http://www.suwon.go.kr/web/saeallOfr/BD_ofrView.do?notAncmtMgtNo=156356,2026-09-04,6,,"공시송달,과태료",-2,"공시송달,과태료",공시송달,False,rejected,"strong_neg:공시송달,과태료",
5974,수원시 도로교통관리사업소 공고 제2026-125호,자동차 운행정지명령 예고문 반송분 공시송달 공고,자동차관리과,2026-09-04,2026-09-04 ~ 2026-09-19,50,156352,https://www.suwon.go.kr/web/saeallOfr/BD_ofrView.do?notAncmtMgtNo=156352,http://www.suwon.go.kr/web/saeallOfr/BD_ofrView.do?notAncmtMgtNo=156352,2026-09-04,6,,공시송달,-1,공시송달,공시송달,False,rejected,strong_neg:공시송달,
5973,수원시 장안구 공고 제2026-431호,담배소매업 폐업 및 지정신청 공고,경제교통과,2026-09-04,2026-09-04 ~ 2026-09-14,78,156351,https://www.suwon.go.kr/web/saeallOfr/BD_ofrView.do?notAncmtMgtNo=156351,http://www.suwon.go.kr/web/saeallOfr/BD_ofrView.do?notAncmtMgtNo=156351,2026-09-04,6,신청,,1,,담배소매,True,rejected,blacklist:담배소매,
5972,수원시 팔달구 공고 제2026-554호,강제 철거한 불법 옥외광고물 목록 공고 (2026년 8월),건축과,2026-09-04,2026-09-04 ~ 2026-09-19,48,156350,https://www.suwon.go.kr/web/saeallOfr/BD_ofrView.do?notAncmtMgtNo=156350,http://www.suwon.go.kr/web/saeallOfr/BD_ofrView.do?notAncmtMgtNo=156350,2026-09-04,6,,,0,,,False,rejected,not_keyword_candidate,
5971,수원시 권선구 구운동 공고 제2026-69호,무단전출 직권거주불명등록 최고공고,구운동,2026-09-04,2026-09-04 ~ 2026-09-16,40,156348,https://www.suwon.go.kr/web/saeallOfr/BD_ofrView.do?notAncmtMgtNo=156348,http://www.suwon.go.kr/web/saeallOfr/BD_ofrView.do?notAncmtMgtNo=156348,2026-09-04,6,,,0,,,False,rejected,not_keyword_candidate,
5970,수원시 공고 제2026-2031호,전문건설업 등록 공고,건설정책과,2026-09-04,2026-09-04 ~ 2026-09-19,38,156347,https://www.suwon.go.kr/web/saeallOfr/BD_ofrView.do?notAncmtMgtNo=156347,http://www.suwon.go.kr/web/saeallOfr/BD_ofrView.do?notAncmtMgtNo=156347,2026-09-04,6,,,0,,,False,rejected,not_keyword_candidate,
5969,수원시 도시안전통합센터 공고 제2026-13호,불법주정차단속 CCTV 이설 행정예고,도시안전통합센터,2026-09-04,2026-09-04 ~ 2026-09-24,12,156340,https://www.suwon.go.kr/web/saeallOfr/BD_ofrView.do?notAncmtMgtNo=156340,http://www.suwon.go.kr/web/saeallOfr/BD_ofrView.do?notAncmtMgtNo=156340,2026-09-04,6,,,0,,,False,rejected,not_keyword_candidate,
5968,수원시 장안구 조원2동 공고 제2026-34호,2026년 조원2동 주민자치센터 「AI 디지털배움터」 수강생 모집 공고,조원2동,2026-09-04,2026-09-04 ~ 2026-09-30,30,156339,https://www.suwon.go.kr/web/saeallOfr/BD_ofrView.do?notAncmtMgtNo=156339,http://www.suwon.go.kr/web/saeallOfr/BD_ofrView.do?notAncmtMgtNo=156339,2026-09-04,6,"모집,수강",,2,,,True,candidate,,course_local
5967,수원시 팔달구 공고 제2026-553호,2026년 팔달구 도로유지관리공사(2권역 4차)(단가계약) 입찰 취소 공고,행정지원과,2026-09-04,2026-09-04 ~ 2026-09-21,41,156338,https://www.suwon.go.kr/web/saeallOfr/BD_ofrView.do?notAncmtMgtNo=156338,http://www.suwon.go.kr/web/saeallOfr/BD_ofrView.do?notAncmtMgtNo=156338,2026-09-04,6,,입찰,-1,입찰,입찰,False,rejected,strong_neg:입찰,
5966,수원시 권선구 세류2동 공고 제2026-71호,주민등록 무단전출자 최고 공고,세류2동,2026-09-04,2026-09-04 ~ 2026-09-18,33,156337,https://www.suwon.go.kr/web/saeallOfr/BD_ofrView.do?notAncmtMgtNo=156337,http://www.suwon.go.kr/web/saeallOfr/BD_ofrView.do?notAncmtMgtNo=156337,2026-09-04,6,,,0,,,False,rejected,not_keyword_candidate,
5965,수원시 팔달구 화서1동 공고 제2026-55호,2026년도 4분기 화서1동 주민자치센터 수강생 모집 공고(수정),화서1동,2026-09-04,2026-09-04 ~ 2026-09-18,56,156336,https://www.suwon.go.kr/web/saeallOfr/BD_ofrView.do?notAncmtMgtNo=156336,http://www.suwon.go.kr/web/saeallOfr/BD_ofrView.do?notAncmtMgtNo=156336,2026-09-04,6,"모집,수강",,2,,,True,candidate,,course_local
5964,수원시 팔달구 공고 제2026-552호,2026년 팔달구 도로유지관리공사(1권역 4차)(단가계약) 입찰 취소 공고,행정지원과,2026-09-04,2026-09-04 ~ 2026-09-21,29,156335,https://www.suwon.go.kr/web/saeallOfr/BD_ofrView.do?notAncmtMgtNo=156335,http://www.suwon.go.kr/web/saeallOfr/BD_ofrView.do?notAncmtMgtNo=156335,2026-09-04,6,,입찰,-1,입찰,입찰,False,rejected,strong_neg:입찰,
5963,수원시 팔달구 화서2동 공고 제2026-52호,2026년 4분기 화서2동 주민자치센터 특성화 프로그램 수강생 모집 공고,화서2동,2026-09-04,2026-09-04 ~ 2026-09-30,50,156330,https://www.suwon.go.kr/web/saeallOfr/BD_ofrView.do?notAncmtMgtNo=156330,http://www.suwon.go.kr/web/saeallOfr/BD_ofrView.do?notAncmtMgtNo=156330,2026-09-04,6,"모집,프로그램,수강",,3,,,True,candidate,,course_local
5962,수원시 팔달구 화서2동 공고 제2026-51호,2026년 4분기 화서2동 주민자치센터 프로그램 수강생 모집 공고,화서2동,2026-09-04,2026-09-04 ~ 2026-09-30,70,156329,https://www.suwon.go.kr/web/saeallOfr/BD_ofrView.do?notAncmtMgtNo=156329,http://www.suwon.go.kr/web/saeallOfr/BD_ofrView.do?notAncmtMgtNo=156329,2026-09-04,6,"모집,프로그램,수강",,3,,,True,candidate,,course_local
5961,수원시 권선구 서둔동 공고 제2026-66호,주민등록증 발급 촉구 공고(2008년 09월생),서둔동,2026-09-04,2026-09-04 ~ 2026-09-18,3,156327,https://www.suwon.go.kr/web/saeallOfr/BD_ofrView.do?notAncmtMgtNo=156327,http://www.suwon.go.kr/web/saeallOfr/BD_ofrView.do?notAncmtMgtNo=156327,2026-09-04,6,,,0,,,False,rejected,not_keyword_candidate,
5960,수원시 영통구 공고 제2026-463호,건축법 위반에 따른 시정명령 사전통지 공시송달 공고,건축과,2026-09-04,2026-09-04 ~ 2026-09-18,45,156326,https://www.suwon.go.kr/web/saeallOfr/BD_ofrView.do?notAncmtMgtNo=156326,http://www.suwon.go.kr/web/saeallOfr/BD_ofrView.do?notAncmtMgtNo=156326,2026-09-04,6,,공시송달,-1,공시송달,공시송달,False,rejected,strong_neg:공시송달,
5959,수원시 공고 제2026-2025호,2026년 9월 전용차로 통행위반 과태료 사전통지 반송 공시송달 (2026. 7월 사전통지분),대중교통과,2026-09-04,2026-09-04 ~ 2026-09-18,42,156323,https://www.suwon.go.kr/web/saeallOfr/BD_ofrView.do?notAncmtMgtNo=156323,http://www.suwon.go.kr/web/saeallOfr/BD_ofrView.do?notAncmtMgtNo=156323,2026-09-04,6,,"공시송달,과태료",-2,"공시송달,과태료",공시송달,False,rejected,"strong_neg:공시송달,과태료",
5958,수원시 공고 제2026-2024호,「민간임대주택에관한특별법」위반에 따른 소명자료 요청 반송에 따른 공시송달 공고,공동주택과,2026-09-04,2026-09-04 ~ 2026-09-20,43,156321,https://www.suwon.go.kr/web/saeallOfr/BD_ofrView.do?notAncmtMgtNo=156321,http://www.suwon.go.kr/web/saeallOfr/BD_ofrView.do?notAncmtMgtNo=156321,2026-09-04,6,,공시송달,-1,공시송달,공시송달,False,rejected,strong_neg:공시송달,
5957,수원시 공고 제2026-2022호,등록공장 행정처분(공장의 등록취소) 공시송달 공고,기업지원과,2026-09-04,2026-09-04 ~ 2026-09-18,3,156316,https://www.suwon.go.kr/web/saeallOfr/BD_ofrView.do?notAncmtMgtNo=156316,http://www.suwon.go.kr/web/saeallOfr/BD_ofrView.do?notAncmtMgtNo=156316,2026-09-04,6,,공시송달,-1,공시송달,공시송달,False,rejected,strong_neg:공시송달,
5956,수원시 권선구 공고 제2026-725호,원상회복명령(자진철거) 및 행정대집행 계고 공시송달 공고,안전건설과,2026-09-04,2026-09-04 ~ 2026-09-20,47,156314,https://www.suwon.go.kr/web/saeallOfr/BD_ofrView.do?notAncmtMgtNo=156314,http://www.suwon.go.kr/web/saeallOfr/BD_ofrView.do?notAncmtMgtNo=156314,2026-09-04,6,,공시송달,-1,공시송달,공시송달,False,rejected,strong_neg:공시송달,
5955,수원시 팔달구 화서2동 공고 제2026-50호,화서2동 제8통장 위촉 공고,화서2동,2026-09-04,2026-09-04 ~ 2026-09-14,35,156308,https://www.suwon.go.kr/web/saeallOfr/BD_ofrView.do?notAncmtMgtNo=156308,http://www.suwon.go.kr/web/saeallOfr/BD_ofrView.do?notAncmtMgtNo=156308,2026-09-04,6,,,0,,통장,False,rejected,blacklist:통장,
5954,수원시 권선구 호매실동 공고 제2026-58호,주민등록 무단전출자 최고공고(왕0애 등 4명),호매실동,2026-09-04,2026-09-04 ~ 2026-09-15,24,156305,https://www.suwon.go.kr/web/saeallOfr/BD_ofrView.do?notAncmtMgtNo=156305,http://www.suwon.go.kr/web/saeallOfr/BD_ofrView.do?notAncmtMgtNo=156305,2026-09-04,6,,,0,,,False,rejected,not_keyword_candidate,
5953,수원시 공고 제2026-2018호,종합검사 지정정비사업자 지정 공고,자동차관리과,2026-09-04,2026-09-04 ~ 2026-09-19,33,156304,https://www.suwon.go.kr/web/saeallOfr/BD_ofrView.do?notAncmtMgtNo=156304,http://www.suwon.go.kr/web/saeallOfr/BD_ofrView.do?notAncmtMgtNo=156304,2026-09-04,6,,,0,,정비사업,False,rejected,blacklist:정비사업,
5952,수원시 권선구 세류2동 공고 제2026-70호,2026년 4분기 세류2동 주민자치센터 프로그램 수강생 모집 공고,세류2동,2026-09-04,2026-09-04 ~ 2026-09-21,23,156292,https://www.suwon.go.kr/web/saeallOfr/BD_ofrView.do?notAncmtMgtNo=156292,http://www.suwon.go.kr/web/saeallOfr/BD_ofrView.do?notAncmtMgtNo=156292,2026-09-04,6,"모집,프로그램,수강",,3,,,True,candidate,,course_local
5951,수원시 권선구 공고 제2026-723호,원상회복명령(자진철거) 및 행정대집행 계고 공시송달 공고,안전건설과,2026-09-04,2026-09-04 ~ 2026-09-20,23,156284,https://www.suwon.go.kr/web/saeallOfr/BD_ofrView.do?notAncmtMgtNo=156284,http://www.suwon.go.kr/web/saeallOfr/BD_ofrView.do?notAncmtMgtNo=156284,2026-09-04,6,,공시송달,-1,공시송달,공시송달,False,rejected,strong_neg:공시송달,
5950,수원시 공고 제2026-2012호,수원 도시관리계획(용도지역) 결정(변경) 주민의견청취 열람 공고,도시계획과,2026-09-04,2026-09-04 ~ 2026-09-18,518,156279,https://www.suwon.go.kr/web/saeallOfr/BD_ofrView.do?notAncmtMgtNo=156279,http://www.suwon.go.kr/web/saeallOfr/BD_ofrView.do?notAncmtMgtNo=156279,2026-09-04,6,,,0,,,False,rejected,not_keyword_candidate,
5949,수원시 권선구 세류1동 공고 제2026-32호,세류1동 제9통 통장 모집 공고,세류1동,2026-09-04,2026-09-07 ~ 2026-09-18,6,156270,https://www.suwon.go.kr/web/saeallOfr/BD_ofrView.do?notAncmtMgtNo=156270,http://www.suwon.go.kr/web/saeallOfr/BD_ofrView.do?notAncmtMgtNo=156270,2026-09-04,6,모집,,1,,통장,True,rejected,blacklist:통장,
5948,수원시 고시 제2026-385호,"수원 도시계획시설(제485호, 제486호 완충녹지) 실시계획(변경)인가 고시",녹지경관과,2026-09-04,,35,156251,https://www.suwon.go.kr/web/saeallOfr/BD_ofrView.do?notAncmtMgtNo=156251,http://www.suwon.go.kr/web/saeallOfr/BD_ofrView.do?notAncmtMgtNo=156251,2026-09-04,6,,"도시계획,실시계획",-2,,인가,False,rejected,blacklist:인가,
5947,수원시 고시 제2026-384호,수원 도시계획시설(제140호 공공공지 등 3개소) 실시계획(변경)인가 고시,녹지경관과,2026-09-04,,26,156249,https://www.suwon.go.kr/web/saeallOfr/BD_ofrView.do?notAncmtMgtNo=156249,http://www.suwon.go.kr/web/saeallOfr/BD_ofrView.do?notAncmtMgtNo=156249,2026-09-04,6,,"도시계획,실시계획",-2,,인가,False,rejected,blacklist:인가,
5946,수원시 공고 제2026-1999호,우만동 금성아파트 소규모주택재건축정비사업 조합설립(경미한변경)인가 신청에 따른 공람공고,도시정비과,2026-09-04,2026-09-04 ~ 2026-09-17,33,156234,https://www.suwon.go.kr/web/saeallOfr/BD_ofrView.do?notAncmtMgtNo=156234,http://www.suwon.go.kr/web/saeallOfr/BD_ofrView.do?notAncmtMgtNo=156234,2026-09-04,6,신청,,1,,공람,True,rejected,blacklist:공람,
5945,수원시 공고 제2026-1980호,"수원 도시계획시설(제195호 주차장, 제124호 공공청사, 제18호 체육시설, 제16호 어린이공원) 결정(경미한 변경) 및 실시계획(변경)인가 공고",도시계획과,2026-09-04,2026-09-04 ~ 2026-09-18,31,156171,https://www.suwon.go.kr/web/saeallOfr/BD_ofrView.do?notAncmtMgtNo=156171,http://www.suwon.go.kr/web/saeallOfr/BD_ofrView.do?notAncmtMgtNo=156171,2026-09-04,6,,"도시계획,실시계획",-2,,인가,False,rejected,blacklist:인가,
5944,수원시 고시 제2026-380호,수원 도시계획시설(제22호 하천: 당수천) 사업시행자 지정 및 실시계획인가 고시,도시계획과,2026-09-04,,27,156163,https://www.suwon.go.kr/web/saeallOfr/BD_ofrView.do?notAncmtMgtNo=156163,http://www.suwon.go.kr/web/saeallOfr/BD_ofrView.do?notAncmtMgtNo=156163,2026-09-04,6,,"도시계획,실시계획",-2,,인가,False,rejected,blacklist:인가,
5943,수원시 공고 제2026-1946호,수원시 연화장 내 설치기간이 종료된 유골의 이동조치 공고(2차),위생정책과,2026-09-04,2026-09-04 ~ 2026-12-04,20,156084,https://www.suwon.go.kr/web/saeallOfr/BD_ofrView.do?notAncmtMgtNo=156084,http://www.suwon.go.kr/web/saeallOfr/BD_ofrView.do?notAncmtMgtNo=156084,2026-09-04,6,,,0,,,False,rejected,not_keyword_candidate,
5942,수원시 팔달구 공고 제2026-551호,"이륜자동차 정기검사 과태료 고지서(사전통지, 본부과, 독촉) 반송분 공시송달 공고",경제교통과,2026-09-03,2026-09-03 ~ 2026-09-17,47,156318,https://www.suwon.go.kr/web/saeallOfr/BD_ofrView.do?notAncmtMgtNo=156318,http://www.suwon.go.kr/web/saeallOfr/BD_ofrView.do?notAncmtMgtNo=156318,2026-09-03,6,,"공시송달,과태료",-2,"공시송달,과태료",공시송달,False,rejected,"strong_neg:공시송달,과태료",
5941,수원시 팔달구 공고 제2026-550호,"이륜자동차 정기검사 안내문, 정기검사 신청기간 경과 알림(1차, 2차) 및 명령 반송분 공시송달 공고",경제교통과,2026-09-03,2026-09-03 ~ 2026-09-17,43,156317,https://www.suwon.go.kr/web/saeallOfr/BD_ofrView.do?notAncmtMgtNo=156317,http://www.suwon.go.kr/web/saeallOfr/BD_ofrView.do?notAncmtMgtNo=156317,2026-09-03,6,신청,공시송달,0,공시송달,공시송달,False,rejected,strong_neg:공시송달,
5940,수원시 팔달구 공고 제2026-549호,「게임산업진흥에 관한 법률」 위반 게임제공업소 행정처분 내역 공고,행정지원과,2026-09-03,2026-09-03 ~ 2026-09-23,31,156315,https://www.suwon.go.kr/web/saeallOfr/BD_ofrView.do?notAncmtMgtNo=156315,http://www.suwon.go.kr/web/saeallOfr/BD_ofrView.do?notAncmtMgtNo=156315,2026-09-03,6,,,0,,,False,rejected,not_keyword_candidate,
5939,수원시 공고 제2026-2021호,지방세 체납법인 제2차 납세의무지정통지서 반송분 공시송달,징수과,2026-09-03,2026-09-03 ~ 2026-09-30,53,156313,https://www.suwon.go.kr/web/saeallOfr/BD_ofrView.do?notAncmtMgtNo=156313,http://www.suwon.go.kr/web/saeallOfr/BD_ofrView.do?notAncmtMgtNo=156313,2026-09-03,6,,공시송달,-1,공시송달,공시송달,False,rejected,strong_neg:공시송달,
5938,수원시 팔달구 공고 제2026-548호,「게임산업진흥에 관한 법률」 위반 게임제공업소 행정처분 내역 공고,행정지원과,2026-09-03,2026-09-03 ~ 2026-09-23,16,156312,https://www.suwon.go.kr/web/saeallOfr/BD_ofrView.do?notAncmtMgtNo=156312,http://www.suwon.go.kr/web/saeallOfr/BD_ofrView.do?notAncmtMgtNo=156312,2026-09-03,6,,,0,,,False,rejected,not_keyword_candidate,
5937,수원시 영통구 원천동 공고 제2026-63호,주민등록 무단전출자에 대한 직권조치 결과공고,원천동,2026-09-03,2026-09-03 ~ 2026-09-17,31,156311,https://www.suwon.go.kr/web/saeallOfr/BD_ofrView.do?notAncmtMgtNo=156311,http://www.suwon.go.kr/web/saeallOfr/BD_ofrView.do?notAncmtMgtNo=156311,2026-09-03,6,,,0,,결과공고,False,rejected,blacklist:결과공고,
5936,수원시 공고 제2026-2020호,2026년 팔달새일센터『새일마음ON』심리상담지원사업 참여자 모집 공고,노동일자리정책과,2026-09-03,2026-09-03 ~ 2026-09-23,76,156307,https://www.suwon.go.kr/web/saeallOfr/BD_ofrView.do?notAncmtMgtNo=156307,http://www.suwon.go.kr/web/saeallOfr/BD_ofrView.do?notAncmtMgtNo=156307,2026-09-03,6,"모집,지원사업,참여자",,3,,,True,candidate,,support_apply
5935,수원시 장안구 공고 제2026-427호,환경개선부담금 업무위탁에 따른 개인정보의 처리 사항 공고,환경위생과,2026-09-03,2026-09-03 ~ 2026-09-17,34,156303,https://www.suwon.go.kr/web/saeallOfr/BD_ofrView.do?notAncmtMgtNo=156303,http://www.suwon.go.kr/web/saeallOfr/BD_ofrView.do?notAncmtMgtNo=156303,2026-09-03,6,,,0,,,False,rejected,not_keyword_candidate,
5934,수원시 권선구 곡선동 공고 제2026-61호,2026년 민방위 사이버교육 통지서(보충1차) 반송에 따른 공시송달 공고,곡선동,2026-09-03,2026-09-03 ~ 2026-09-17,14,156299,https://www.suwon.go.kr/web/saeallOfr/BD_ofrView.do?notAncmtMgtNo=156299,http://www.suwon.go.kr/web/saeallOfr/BD_ofrView.do?notAncmtMgtNo=156299,2026-09-03,6,교육,공시송달,0,공시송달,공시송달,False,rejected,strong_neg:공시송달,
5933,수원시 팔달구 화서1동 공고 제2026-54호,2026년 4분기 화서1동 주민자치센터 강사 모집 공고,화서1동,2026-09-03,2026-09-03 ~ 2026-09-16,101,156297,https://www.suwon.go.kr/web/saeallOfr/BD_ofrView.do?notAncmtMgtNo=156297,http://www.suwon.go.kr/web/saeallOfr/BD_ofrView.do?notAncmtMgtNo=156297,2026-09-03,7,모집,,1,,,True,candidate,,course_local
5932,수원시 장안구 영화동 공고 제2026-68호,주민등록 무단전출자 직권조치 결과 공고,영화동,2026-09-03,2026-09-03 ~ 2026-09-18,14,156294,https://www.suwon.go.kr/web/saeallOfr/BD_ofrView.do?notAncmtMgtNo=156294,http://www.suwon.go.kr/web/saeallOfr/BD_ofrView.do?notAncmtMgtNo=156294,2026-09-03,7,,,0,,결과 공고,False,rejected,blacklist:결과 공고,
5931,수원시 영통구 영통3동 공고 제2026-66호,2026년 4분기 영통3동 주민자치센터 프로그램 수강생 모집,영통3동,2026-09-03,2026-09-03 ~ 2026-09-23,32,156291,https://www.suwon.go.kr/web/saeallOfr/BD_ofrView.do?notAncmtMgtNo=156291,http://www.suwon.go.kr/web/saeallOfr/BD_ofrView.do?notAncmtMgtNo=156291,2026-09-03,7,"모집,프로그램,수강",,3,,,True,candidate,,course_local
5930,수원시 도로교통관리사업소 자동차관리과 공고 제2026-68호,무단방치자동차 자진처리명령 송달불능 공시송달 공고,자동차관리과,2026-09-03,2026-09-03 ~ 2026-09-23,63,156280,https://www.suwon.go.kr/web/saeallOfr/BD_ofrView.do?notAncmtMgtNo=156280,http://www.suwon.go.kr/web/saeallOfr/BD_ofrView.do?notAncmtMgtNo=156280,2026-09-03,7,,공시송달,-1,공시송달,공시송달,False,rejected,strong_neg:공시송달,
5929,수원시 공고 제2026-2010호,전문건설업 행정처분 사항 공고,건설정책과,2026-09-03,2026-09-03 ~ 2030-04-30,64,156268,https://www.suwon.go.kr/web/saeallOfr/BD_ofrView.do?notAncmtMgtNo=156268,http://www.suwon.go.kr/web/saeallOfr/BD_ofrView.do?notAncmtMgtNo=156268,2026-09-03,7,,,0,,,False,rejected,not_keyword_candidate,
5928,수원시 영통구 매탄4동 공고 제2026-57호,2026년 4분기 매탄4동 주민자치센터 프로그램 수강생 모집 공고,매탄4동,2026-09-03,2026-09-03 ~ 2026-09-30,80,156241,https://www.suwon.go.kr/web/saeallOfr/BD_ofrView.do?notAncmtMgtNo=156241,http://www.suwon.go.kr/web/saeallOfr/BD_ofrView.do?notAncmtMgtNo=156241,2026-09-03,7,"모집,프로그램,수강",,3,,,True,candidate,,course_local
5927,수원시 공고 제2026-1996호,수원 도시계획시설[제25호(늘푸른) 근린공원] 재정비 사업 사업시행자 지정 및 실시계획인가 열람 공고,생태공원과,2026-09-03,2026-09-03 ~ 2026-09-17,58,156230,https://www.suwon.go.kr/web/saeallOfr/BD_ofrView.do?notAncmtMgtNo=156230,http://www.suwon.go.kr/web/saeallOfr/BD_ofrView.do?notAncmtMgtNo=156230,2026-09-03,7,,"도시계획,실시계획",-2,,인가,False,rejected,blacklist:인가,
5926,수원시 도로교통관리사업소 공고 제2026-124호,자동차 정기(종합)검사 장기미수검 자동차 운행정지명령 공고,자동차관리과,2026-09-03,2026-09-03 ~ 2026-09-18,26,156179,https://www.suwon.go.kr/web/saeallOfr/BD_ofrView.do?notAncmtMgtNo=156179,http://www.suwon.go.kr/web/saeallOfr/BD_ofrView.do?notAncmtMgtNo=156179,2026-09-03,7,,,0,,,False,rejected,not_keyword_candidate,
5925,수원시 고시 제2026-381호,"수원 도시계획시설(제27호 시장, 제114호 공공청사) 사업시행자 지정 및 실시계획인가 고시",지구단위계획과,2026-09-03,,44,156168,https://www.suwon.go.kr/web/saeallOfr/BD_ofrView.do?notAncmtMgtNo=156168,http://www.suwon.go.kr/web/saeallOfr/BD_ofrView.do?notAncmtMgtNo=156168,2026-09-03,7,,"도시계획,실시계획",-2,,인가,False,rejected,blacklist:인가,
5924,수원시 공고 제2026-2014호,2026년 소비자의 날 포상 후보자 공개검증,지역경제과,2026-09-02,2026-09-02 ~ 2026-09-18,58,156289,https://www.suwon.go.kr/web/saeallOfr/BD_ofrView.do?notAncmtMgtNo=156289,http://www.suwon.go.kr/web/saeallOfr/BD_ofrView.do?notAncmtMgtNo=156289,2026-09-02,7,,,0,,,False,rejected,not_keyword_candidate,
5923,수원시 영통구 망포1동 공고 제2026-43호,2026년 4분기 망포1동 주민자치센터 프로그램(생활요리) 수강생 모집 공고,망포1동,2026-09-02,2026-09-02 ~ 2026-09-30,12,156288,https://www.suwon.go.kr/web/saeallOfr/BD_ofrView.do?notAncmtMgtNo=156288,http://www.suwon.go.kr/web/saeallOfr/BD_ofrView.do?notAncmtMgtNo=156288,2026-09-02,7,"모집,프로그램,수강",,3,,,True,candidate,,course_local
5922,수원시 영통구 망포1동 공고 제2026-42호,2026년 4분기 망포1동 주민자치센터 프로그램 수강생 모집 공고,망포1동,2026-09-02,2026-09-02 ~ 2026-09-30,19,156287,https://www.suwon.go.kr/web/saeallOfr/BD_ofrView.do?notAncmtMgtNo=156287,http://www.suwon.go.kr/web/saeallOfr/BD_ofrView.do?notAncmtMgtNo=156287,2026-09-02,7,"모집,프로그램,수강",,3,,,True,candidate,,course_local
5921,수원시 영통구 공고 제2026-462호,환경개선부담금 업무위탁에 따른 개인정보의 처리사항 공고,환경위생과,2026-09-02,2026-09-02 ~ 2026-09-16,5,156286,https://www.suwon.go.kr/web/saeallOfr/BD_ofrView.do?notAncmtMgtNo=156286,http://www.suwon.go.kr/web/saeallOfr/BD_ofrView.do?notAncmtMgtNo=156286,2026-09-02,7,,,0,,,False,rejected,not_keyword_candidate,
5920,수원시 공고 제2026-2013호,2026년 '수원 명장' 선정자 공고,노동일자리정책과,2026-09-02,2026-09-02 ~ 2026-09-20,113,156282,https://www.suwon.go.kr/web/saeallOfr/BD_ofrView.do?notAncmtMgtNo=156282,http://www.suwon.go.kr/web/saeallOfr/BD_ofrView.do?notAncmtMgtNo=156282,2026-09-02,7,,,0,,,False,rejected,not_keyword_candidate,
5919,수원시 권선구 공고 제2026-722호,건축법 위반에 따른 시정명령(촉구) 통보,건축과,2026-09-02,2026-09-02 ~ 2026-09-17,28,156281,https://www.suwon.go.kr/web/saeallOfr/BD_ofrView.do?notAncmtMgtNo=156281,http://www.suwon.go.kr/web/saeallOfr/BD_ofrView.do?notAncmtMgtNo=156281,2026-09-02,7,,,0,,,False,rejected,not_keyword_candidate,
5918,수원시 영통구 망포2동 공고 제2026-42호,망포2동 주민자치센터 특성화 프로그램 수강생 모집 공고,망포2동,2026-09-02,2026-09-02 ~ 2026-09-16,55,156278,https://www.suwon.go.kr/web/saeallOfr/BD_ofrView.do?notAncmtMgtNo=156278,http://www.suwon.go.kr/web/saeallOfr/BD_ofrView.do?notAncmtMgtNo=156278,2026-09-02,7,"모집,프로그램,수강",,3,,,True,candidate,,course_local
5917,수원시 권선구 평동 공고 제2026-76호,제목: 2026년 민방위 집합교육(보충1차) 통지서 반송에 따른 공시송달 공고,평동,2026-09-02,2026-09-02 ~ 2026-10-08,42,156277,https://www.suwon.go.kr/web/saeallOfr/BD_ofrView.do?notAncmtMgtNo=156277,http://www.suwon.go.kr/web/saeallOfr/BD_ofrView.do?notAncmtMgtNo=156277,2026-09-02,7,교육,공시송달,0,공시송달,공시송달,False,rejected,strong_neg:공시송달,
5916,수원시 권선구 공고 제2026-721호,「건축법 위반에 따른 시정명령 사전안내」 공시송달 공고,건축과,2026-09-02,2026-09-02 ~ 2026-09-17,17,156276,https://www.suwon.go.kr/web/saeallOfr/BD_ofrView.do?notAncmtMgtNo=156276,http://www.suwon.go.kr/web/saeallOfr/BD_ofrView.do?notAncmtMgtNo=156276,2026-09-02,7,,공시송달,-1,공시송달,공시송달,False,rejected,strong_neg:공시송달,
5915,수원시 권선구 권선2동 공고 제2026-54호,신규 주민등록증 발급통지서 반송자공고(2009년 8월생),권선2동,2026-09-02,2026-09-02 ~ 2026-09-16,20,156273,https://www.suwon.go.kr/web/saeallOfr/BD_ofrView.do?notAncmtMgtNo=156273,http://www.suwon.go.kr/web/saeallOfr/BD_ofrView.do?notAncmtMgtNo=156273,2026-09-02,7,,,0,,,False,rejected,not_keyword_candidate,
5914,수원시 장안구 정자3동 공고 제2026-47호,신규주민등록증 발급통지서 미교부자  공고(2009년 7월생),정자3동,2026-09-02,2026-09-02 ~ 2026-09-23,7,156266,https://www.suwon.go.kr/web/saeallOfr/BD_ofrView.do?notAncmtMgtNo=156266,http://www.suwon.go.kr/web/saeallOfr/BD_ofrView.do?notAncmtMgtNo=156266,2026-09-02,7,,,0,,,False,rejected,not_keyword_candidate,
5913,수원시 장안구 공고 제2026-426호,건축법 위반건축물 공시송달 공고(1차 통보),건축과,2026-09-02,2026-09-02 ~ 2026-09-17,49,156265,https://www.suwon.go.kr/web/saeallOfr/BD_ofrView.do?notAncmtMgtNo=156265,http://www.suwon.go.kr/web/saeallOfr/BD_ofrView.do?notAncmtMgtNo=156265,2026-09-02,7,,공시송달,-1,공시송달,공시송달,False,rejected,strong_neg:공시송달,
5912,수원시 권선구 권선1동 공고 제2026-87호,권선1동 통장 위촉 공고(13통),권선1동,2026-09-02,2026-09-02 ~ 2026-09-18,18,156263,https://www.suwon.go.kr/web/saeallOfr/BD_ofrView.do?notAncmtMgtNo=156263,http://www.suwon.go.kr/web/saeallOfr/BD_ofrView.do?notAncmtMgtNo=156263,2026-09-02,7,,,0,,통장,False,rejected,blacklist:통장,
5911,수원시 공고 제2026-2008호,「건축법 위반에 따른 시정명령 통보(2026년 반복부과 대상 위반건축물)」 공시송달 공고,건축과,2026-09-02,2026-09-02 ~ 2026-09-16,34,156262,https://www.suwon.go.kr/web/saeallOfr/BD_ofrView.do?notAncmtMgtNo=156262,http://www.suwon.go.kr/web/saeallOfr/BD_ofrView.do?notAncmtMgtNo=156262,2026-09-02,7,,공시송달,-1,공시송달,공시송달,False,rejected,strong_neg:공시송달,
5910,수원시 장안구 영화동 공고 제2026-67호,영화동 주민자치센터 특성화 프로그램 수강생 모집 공고,영화동,2026-09-02,2026-09-02 ~ 2026-09-15,34,156261,https://www.suwon.go.kr/web/saeallOfr/BD_ofrView.do?notAncmtMgtNo=156261,http://www.suwon.go.kr/web/saeallOfr/BD_ofrView.do?notAncmtMgtNo=156261,2026-09-02,7,"모집,프로그램,수강",,3,,,True,candidate,,course_local
5909,수원시 권선구 권선2동 공고 제2026-53호,권선2동 통장(제30통장) 해촉 공고,권선2동,2026-09-02,2026-09-02 ~ 2026-09-17,22,156259,https://www.suwon.go.kr/web/saeallOfr/BD_ofrView.do?notAncmtMgtNo=156259,http://www.suwon.go.kr/web/saeallOfr/BD_ofrView.do?notAncmtMgtNo=156259,2026-09-02,7,,,0,,통장,False,rejected,blacklist:통장,
5908,수원시 팔달구 매산동 공고 제2026-71호,매산동 제2통장 위촉결과 공고,매산동,2026-09-02,2026-09-02 ~ 2026-09-16,14,156258,https://www.suwon.go.kr/web/saeallOfr/BD_ofrView.do?notAncmtMgtNo=156258,http://www.suwon.go.kr/web/saeallOfr/BD_ofrView.do?notAncmtMgtNo=156258,2026-09-02,7,,,0,,통장,False,rejected,blacklist:통장,
5907,수원시 팔달구 매산동 공고 제2026-70호,매산동 제2통장 해촉 공고,매산동,2026-09-02,2026-09-02 ~ 2026-09-16,13,156257,https://www.suwon.go.kr/web/saeallOfr/BD_ofrView.do?notAncmtMgtNo=156257,http://www.suwon.go.kr/web/saeallOfr/BD_ofrView.do?notAncmtMgtNo=156257,2026-09-02,7,,,0,,통장,False,rejected,blacklist:통장,
5906,수원시 공고 제2026-2003호,여객자동차 운수사업법 위반 행정처분 예정에 따른 의견제출 반송분 공시송달 공고,대중교통과,2026-09-02,2026-09-02 ~ 2026-09-16,60,156252,https://www.suwon.go.kr/web/saeallOfr/BD_ofrView.do?notAncmtMgtNo=156252,http://www.suwon.go.kr/web/saeallOfr/BD_ofrView.do?notAncmtMgtNo=156252,2026-09-02,7,,공시송달,-1,공시송달,공시송달,False,rejected,strong_neg:공시송달,
5905,수원시 권선구 곡선동 공고 제2026-60호,2026년 민방위 집합교육 통지서 반송에 따른 공시송달 공고(보충1차),곡선동,2026-09-02,2026-09-02 ~ 2026-09-16,9,156250,https://www.suwon.go.kr/web/saeallOfr/BD_ofrView.do?notAncmtMgtNo=156250,http://www.suwon.go.kr/web/saeallOfr/BD_ofrView.do?notAncmtMgtNo=156250,2026-09-02,7,교육,공시송달,0,공시송달,공시송달,False,rejected,strong_neg:공시송달,
5904,수원시 장안구 공고 제2026-425호,강제처리(폐차)대상 무단방치이륜차 매각 공고,경제교통과,2026-09-02,2026-09-02 ~ 2026-09-16,54,156246,https://www.suwon.go.kr/web/saeallOfr/BD_ofrView.do?notAncmtMgtNo=156246,http://www.suwon.go.kr/web/saeallOfr/BD_ofrView.do?notAncmtMgtNo=156246,2026-09-02,7,,,0,,,False,rejected,not_keyword_candidate,
5903,수원시 장안구 공고 제2026-424호,무단방치 이륜자동차 강제처리(폐차) 및 이해관계인 권리행사 공고,경제교통과,2026-09-02,2026-09-02 ~ 2026-09-16,60,156245,https://www.suwon.go.kr/web/saeallOfr/BD_ofrView.do?notAncmtMgtNo=156245,http://www.suwon.go.kr/web/saeallOfr/BD_ofrView.do?notAncmtMgtNo=156245,2026-09-02,7,,,0,,,False,rejected,not_keyword_candidate,
5902,수원시 공고 제2026-1995호,수용재결신청서 열람 공고[수원도시계획시설(도로:중로1-208호선)],도로건설과,2026-09-02,2026-09-02 ~ 2026-09-17,76,156227,https://www.suwon.go.kr/web/saeallOfr/BD_ofrView.do?notAncmtMgtNo=156227,http://www.suwon.go.kr/web/saeallOfr/BD_ofrView.do?notAncmtMgtNo=156227,2026-09-02,7,신청,"도시계획,수용",-1,,,False,rejected,not_keyword_candidate,
5901,수원시 영통구 원천동 공고 제2026-62호,신규주민등록증 발급통지 반송자 공고 (2009년 8월생),원천동,2026-09-02,2026-09-02 ~ 2026-09-17,35,156222,https://www.suwon.go.kr/web/saeallOfr/BD_ofrView.do?notAncmtMgtNo=156222,http://www.suwon.go.kr/web/saeallOfr/BD_ofrView.do?notAncmtMgtNo=156222,2026-09-02,7,,,0,,,False,rejected,not_keyword_candidate,
5900,수원시 권선구 공고 제2026-715호,2026년 8월 발송 독촉고지서 공시송달 공고,세무과,2026-09-02,2026-09-02 ~ 2026-09-16,33,156220,https://www.suwon.go.kr/web/saeallOfr/BD_ofrView.do?notAncmtMgtNo=156220,http://www.suwon.go.kr/web/saeallOfr/BD_ofrView.do?notAncmtMgtNo=156220,2026-09-02,7,,공시송달,-1,공시송달,공시송달,False,rejected,strong_neg:공시송달,
5899,수원시 권선구 공고 제2026-712호,도로 무단점용 원상회복 명령 사전통지서 공시송달 공고,안전건설과,2026-09-02,2026-09-02 ~ 2026-09-20,42,156201,https://www.suwon.go.kr/web/saeallOfr/BD_ofrView.do?notAncmtMgtNo=156201,http://www.suwon.go.kr/web/saeallOfr/BD_ofrView.do?notAncmtMgtNo=156201,2026-09-02,7,,공시송달,-1,공시송달,공시송달,False,rejected,strong_neg:공시송달,
5898,수원시 공고 제2026-1983호,수원 도시계획시설[제141호(방죽) 어린이공원] 리모델링 사업 사업시행자 지정 및 실시계획인가 열람 공고,생태공원과,2026-09-02,2026-09-02 ~ 2026-09-16,53,156187,https://www.suwon.go.kr/web/saeallOfr/BD_ofrView.do?notAncmtMgtNo=156187,http://www.suwon.go.kr/web/saeallOfr/BD_ofrView.do?notAncmtMgtNo=156187,2026-09-02,7,,"도시계획,실시계획",-2,,인가,False,rejected,blacklist:인가,
5897,수원시 권선구 평동 공고 제2026-75호,"평동 통장 공개 모집 공고(제10, 25, 50, 52, 57통장)",평동,2026-09-02,2026-09-02 ~ 2026-09-14,47,156164,https://www.suwon.go.kr/web/saeallOfr/BD_ofrView.do?notAncmtMgtNo=156164,http://www.suwon.go.kr/web/saeallOfr/BD_ofrView.do?notAncmtMgtNo=156164,2026-09-02,7,모집,,1,,통장,True,rejected,blacklist:통장,
5896,수원시 권선구 공고 제2026-719호,2026년 8월 납기 주민세 공시송달 공고,세무과,2026-09-01,2026-09-01 ~ 2026-09-15,33,156253,https://www.suwon.go.kr/web/saeallOfr/BD_ofrView.do?notAncmtMgtNo=156253,http://www.suwon.go.kr/web/saeallOfr/BD_ofrView.do?notAncmtMgtNo=156253,2026-09-01,7,,공시송달,-1,공시송달,공시송달,False,rejected,strong_neg:공시송달,
5895,수원시 공고 제2026-2002호,「민간임대주택에관한특별법」위반에 따른소명자료 요청 반송에 따른 공시송달 공고,공동주택과,2026-09-01,2026-09-01 ~ 2026-09-20,39,156248,https://www.suwon.go.kr/web/saeallOfr/BD_ofrView.do?notAncmtMgtNo=156248,http://www.suwon.go.kr/web/saeallOfr/BD_ofrView.do?notAncmtMgtNo=156248,2026-09-01,7,,공시송달,-1,공시송달,공시송달,False,rejected,strong_neg:공시송달,
5894,수원시 영통구 공고 제2026-461호,2026년 8월 발송분 지방세 독촉고지서 공시송달 공고,세무2과,2026-09-01,2026-09-01 ~ 2026-09-15,40,156242,https://www.suwon.go.kr/web/saeallOfr/BD_ofrView.do?notAncmtMgtNo=156242,http://www.suwon.go.kr/web/saeallOfr/BD_ofrView.do?notAncmtMgtNo=156242,2026-09-01,7,,공시송달,-1,공시송달,공시송달,False,rejected,strong_neg:공시송달,
5893,수원시 권선구 공고 제2026-718호,2026년 8월 자동차세 고지서 공시송달 공고,세무과,2026-09-01,2026-09-01 ~ 2026-09-15,32,156240,https://www.suwon.go.kr/web/saeallOfr/BD_ofrView.do?notAncmtMgtNo=156240,http://www.suwon.go.kr/web/saeallOfr/BD_ofrView.do?notAncmtMgtNo=156240,2026-09-01,7,,공시송달,-1,공시송달,공시송달,False,rejected,strong_neg:공시송달,
5892,수원시 장안구 공고 제2026-423호,2026년 8월 납기 지방세 납세고지서 공시송달 공고,세무과,2026-09-01,2026-09-01 ~ 2026-09-15,33,156238,https://www.suwon.go.kr/web/saeallOfr/BD_ofrView.do?notAncmtMgtNo=156238,http://www.suwon.go.kr/web/saeallOfr/BD_ofrView.do?notAncmtMgtNo=156238,2026-09-01,7,,공시송달,-1,공시송달,공시송달,False,rejected,strong_neg:공시송달,
5891,수원시 팔달구 공고 제2026-543호,담배사업법 위반업소 행정처분 처분사전통지서 반송분 공 시 송 달 공고,경제교통과,2026-09-01,2026-09-01 ~ 2026-09-15,32,156236,https://www.suwon.go.kr/web/saeallOfr/BD_ofrView.do?notAncmtMgtNo=156236,http://www.suwon.go.kr/web/saeallOfr/BD_ofrView.do?notAncmtMgtNo=156236,2026-09-01,7,,,0,,,False,rejected,not_keyword_candidate,
5890,수원시 장안구 공고 제2026-422호,옥외광고물법 위반 과태료 본부과 통지 공시송달 공고,건축과,2026-09-01,2026-09-01 ~ 2026-09-15,27,156235,https://www.suwon.go.kr/web/saeallOfr/BD_ofrView.do?notAncmtMgtNo=156235,http://www.suwon.go.kr/web/saeallOfr/BD_ofrView.do?notAncmtMgtNo=156235,2026-09-01,7,,"공시송달,과태료",-2,"공시송달,과태료",공시송달,False,rejected,"strong_neg:공시송달,과태료",
5889,수원시 팔달구 공고 제2026-542호,2026년 8월 교부 지방세 독촉고지서 공시송달 공고,세무과,2026-09-01,2026-09-01 ~ 2026-09-15,23,156232,https://www.suwon.go.kr/web/saeallOfr/BD_ofrView.do?notAncmtMgtNo=156232,http://www.suwon.go.kr/web/saeallOfr/BD_ofrView.do?notAncmtMgtNo=156232,2026-09-01,7,,공시송달,-1,공시송달,공시송달,False,rejected,strong_neg:공시송달,
5888,수원시 공고 제2026-1997호,전자상거래법 위반 과태료 사전통지 반송에 따른 공시송달 공고,지역경제과,2026-09-01,2026-09-01 ~ 2026-09-15,15,156231,https://www.suwon.go.kr/web/saeallOfr/BD_ofrView.do?notAncmtMgtNo=156231,http://www.suwon.go.kr/web/saeallOfr/BD_ofrView.do?notAncmtMgtNo=156231,2026-09-01,7,,"공시송달,과태료",-2,"공시송달,과태료",공시송달,False,rejected,"strong_neg:공시송달,과태료",
5887,수원시 권선구 호매실동 공고 제2026-57호,2026년 4분기 호매실동 주민자치센터 프로그램 수강생 모집 공고,호매실동,2026-09-01,2026-09-01 ~ 2026-09-30,34,156229,https://www.suwon.go.kr/web/saeallOfr/BD_ofrView.do?notAncmtMgtNo=156229,http://www.suwon.go.kr/web/saeallOfr/BD_ofrView.do?notAncmtMgtNo=156229,2026-09-01,7,"모집,프로그램,수강",,3,,,True,candidate,,course_local
5886,수원시 권선구 공고 제2026-716호,환경개선부담금 관련 개인정보 제3자 제공사항 알림,환경위생과,2026-09-01,2026-09-01 ~ 2026-09-15,10,156228,https://www.suwon.go.kr/web/saeallOfr/BD_ofrView.do?notAncmtMgtNo=156228,http://www.suwon.go.kr/web/saeallOfr/BD_ofrView.do?notAncmtMgtNo=156228,2026-09-01,7,,,0,,,False,rejected,not_keyword_candidate,
5885,수원시 장안구 영화동 공고 제2026-66호,신규주민등록증 발급통지서 미교부자 공고(2009년 8월생),영화동,2026-09-01,2026-09-01 ~ 2026-09-23,27,156226,https://www.suwon.go.kr/web/saeallOfr/BD_ofrView.do?notAncmtMgtNo=156226,http://www.suwon.go.kr/web/saeallOfr/BD_ofrView.do?notAncmtMgtNo=156226,2026-09-01,7,,,0,,,False,rejected,not_keyword_candidate,
5884,수원시 장안구 공고 제2026-421호,2026년 8월 발송분 지방세 독촉고지서 공시송달,세무과,2026-09-01,2026-09-01 ~ 2026-09-15,52,156225,https://www.suwon.go.kr/web/saeallOfr/BD_ofrView.do?notAncmtMgtNo=156225,http://www.suwon.go.kr/web/saeallOfr/BD_ofrView.do?notAncmtMgtNo=156225,2026-09-01,7,,공시송달,-1,공시송달,공시송달,False,rejected,strong_neg:공시송달,
5883,수원시 영통구 공고 제2026-460호,2026년 8월 지방세 고지서 공시송달 공고,세무1과,2026-09-01,2026-09-01 ~ 2026-09-15,23,156224,https://www.suwon.go.kr/web/saeallOfr/BD_ofrView.do?notAncmtMgtNo=156224,http://www.suwon.go.kr/web/saeallOfr/BD_ofrView.do?notAncmtMgtNo=156224,2026-09-01,8,,공시송달,-1,공시송달,공시송달,False,rejected,strong_neg:공시송달,
5882,수원시 영통구 매탄1동 공고 제2026-31호,신규 주민등록증 발급통지 반송자 공고(09년 8월생),매탄1동,2026-09-01,2026-09-01 ~ 2026-09-16,18,156223,https://www.suwon.go.kr/web/saeallOfr/BD_ofrView.do?notAncmtMgtNo=156223,http://www.suwon.go.kr/web/saeallOfr/BD_ofrView.do?notAncmtMgtNo=156223,2026-09-01,8,,,0,,,False,rejected,not_keyword_candidate,
5881,수원시 장안구 공고 제2026-420호,주정차위반 과태료 사전고지서 반송분 공시송달 공고,경제교통과,2026-09-01,2026-09-01 ~ 2026-09-16,30,156221,https://www.suwon.go.kr/web/saeallOfr/BD_ofrView.do?notAncmtMgtNo=156221,http://www.suwon.go.kr/web/saeallOfr/BD_ofrView.do?notAncmtMgtNo=156221,2026-09-01,8,,"공시송달,과태료",-2,"공시송달,과태료",공시송달,False,rejected,"strong_neg:공시송달,과태료",
5880,수원시 권선구 공고 제2026-714호,2026년 8월 납기 재산세 수시분 납세고지서 공시송달 공고,세무과,2026-09-01,2026-09-01 ~ 2026-09-15,37,156217,https://www.suwon.go.kr/web/saeallOfr/BD_ofrView.do?notAncmtMgtNo=156217,http://www.suwon.go.kr/web/saeallOfr/BD_ofrView.do?notAncmtMgtNo=156217,2026-09-01,8,,공시송달,-1,공시송달,공시송달,False,rejected,strong_neg:공시송달,
5879,수원시 장안구 연무동 공고 제2026-54호,2026년 4분기 연무동 주민자치센터 프로그램 수강생 모집 공고,연무동,2026-09-01,2026-09-01 ~ 2026-09-18,68,156214,https://www.suwon.go.kr/web/saeallOfr/BD_ofrView.do?notAncmtMgtNo=156214,http://www.suwon.go.kr/web/saeallOfr/BD_ofrView.do?notAncmtMgtNo=156214,2026-09-01,8,"모집,프로그램,수강",,3,,,True,candidate,,course_local
5878,수원시 권선구 공고 제2026-713호,2026년 8월 수시분 지방소득세 납세고지서 공시송달 공고,세무과,2026-09-01,2026-09-01 ~ 2026-09-15,40,156211,https://www.suwon.go.kr/web/saeallOfr/BD_ofrView.do?notAncmtMgtNo=156211,http://www.suwon.go.kr/web/saeallOfr/BD_ofrView.do?notAncmtMgtNo=156211,2026-09-01,8,,공시송달,-1,공시송달,공시송달,False,rejected,strong_neg:공시송달,
5877,수원시 공고 제2026-1992호,제5기 수원시 지역사회보장계획 2026년도 연차별 시행계획 변경(안) 공고,돌봄정책과,2026-09-01,2026-09-01 ~ 2026-09-21,29,156210,https://www.suwon.go.kr/web/saeallOfr/BD_ofrView.do?notAncmtMgtNo=156210,http://www.suwon.go.kr/web/saeallOfr/BD_ofrView.do?notAncmtMgtNo=156210,2026-09-01,8,,,0,,시행계획 변경,False,rejected,blacklist:시행계획 변경,
5876,수원시 장안구 영화동 공고 제2026-65호,2026년도 4분기 영화동 주민자치센터 프로그램 수강생 모집 공고,영화동,2026-09-01,2026-09-01 ~ 2026-09-18,23,156209,https://www.suwon.go.kr/web/saeallOfr/BD_ofrView.do?notAncmtMgtNo=156209,http://www.suwon.go.kr/web/saeallOfr/BD_ofrView.do?notAncmtMgtNo=156209,2026-09-01,8,"모집,프로그램,수강",,3,,,True,candidate,,course_local
5875,수원시 영통구 매탄3동 공고 제2026-74호,2026년 4분기 매탄3동 주민자치센터 프로그램 수강생 모집 공고,매탄3동,2026-09-01,2026-09-01 ~ 2026-09-28,30,156207,https://www.suwon.go.kr/web/saeallOfr/BD_ofrView.do?notAncmtMgtNo=156207,http://www.suwon.go.kr/web/saeallOfr/BD_ofrView.do?notAncmtMgtNo=156207,2026-09-01,8,"모집,프로그램,수강",,3,,,True,candidate,,course_local
5874,수원시 팔달구 화서1동 공고 제2026-53호,2026년도 4분기 화서1동 주민자치센터 수강생 모집 공고,화서1동,2026-09-01,2026-09-01 ~ 2026-09-18,19,156206,https://www.suwon.go.kr/web/saeallOfr/BD_ofrView.do?notAncmtMgtNo=156206,http://www.suwon.go.kr/web/saeallOfr/BD_ofrView.do?notAncmtMgtNo=156206,2026-09-01,8,"모집,수강",,2,,,True,candidate,,course_local
5873,수원시 영통구 망포2동 공고 제2026-41호,주민등록 무단전출자 직권조치결과 공고,망포2동,2026-09-01,2026-09-01 ~ 2026-09-15,43,156198,https://www.suwon.go.kr/web/saeallOfr/BD_ofrView.do?notAncmtMgtNo=156198,http://www.suwon.go.kr/web/saeallOfr/BD_ofrView.do?notAncmtMgtNo=156198,2026-09-01,8,,,0,,결과 공고,False,rejected,blacklist:결과 공고,
5872,수원시 공고 제2026-1988호,"「소하천정비법」위반 원상회복명령(1차)공시송달 공고 (매산천, 문암골천, 북골천, 송죽천, 호매실천, 창사천, 반월천)",수질하천과,2026-09-01,2026-09-01 ~ 2026-09-30,47,156197,https://www.suwon.go.kr/web/saeallOfr/BD_ofrView.do?notAncmtMgtNo=156197,http://www.suwon.go.kr/web/saeallOfr/BD_ofrView.do?notAncmtMgtNo=156197,2026-09-01,8,,공시송달,-1,공시송달,공시송달,False,rejected,strong_neg:공시송달,
5871,수원시 공고 제2026-1987호,"「소하천정비법」위반 원상회복명령 2차 공시송달 공고 (웃파장천, 송죽천, 북골천, 문암골천, 호매실천, 일월천)",수질하천과,2026-09-01,2026-09-01 ~ 2026-09-22,46,156196,https://www.suwon.go.kr/web/saeallOfr/BD_ofrView.do?notAncmtMgtNo=156196,http://www.suwon.go.kr/web/saeallOfr/BD_ofrView.do?notAncmtMgtNo=156196,2026-09-01,8,,공시송달,-1,공시송달,공시송달,False,rejected,strong_neg:공시송달,
5870,수원시 팔달구 공고 제2026-540호,「친환경자동차법」위반 과태료 처분에 대한 사전통지 반송분 공시송달 공고,환경위생과,2026-09-01,2026-09-01 ~ 2026-09-16,36,156194,https://www.suwon.go.kr/web/saeallOfr/BD_ofrView.do?notAncmtMgtNo=156194,http://www.suwon.go.kr/web/saeallOfr/BD_ofrView.do?notAncmtMgtNo=156194,2026-09-01,8,,"공시송달,과태료",-2,"공시송달,과태료",공시송달,False,rejected,"strong_neg:공시송달,과태료",
5869,수원시 권선구 공고 제2026-711호,「친환경자동차법」위반 과태료 사전통지 반송분 공시송달 공고,환경위생과,2026-09-01,2026-09-01 ~ 2026-09-16,39,156193,https://www.suwon.go.kr/web/saeallOfr/BD_ofrView.do?notAncmtMgtNo=156193,http://www.suwon.go.kr/web/saeallOfr/BD_ofrView.do?notAncmtMgtNo=156193,2026-09-01,8,,"공시송달,과태료",-2,"공시송달,과태료",공시송달,False,rejected,"strong_neg:공시송달,과태료",
5868,수원시 고시 제2026-383호,대형마트 및 준대규모점포 의무휴업일 한시적 변경 지정 고시,지역경제과,2026-09-01,2026-09-01 ~ 2026-10-30,50,156191,https://www.suwon.go.kr/web/saeallOfr/BD_ofrView.do?notAncmtMgtNo=156191,http://www.suwon.go.kr/web/saeallOfr/BD_ofrView.do?notAncmtMgtNo=156191,2026-09-01,8,,,0,,,False,rejected,not_keyword_candidate,
5867,수원시 장안구 정자1동 공고 제2026-57호,2026년 4분기 정자1동 주민자치센터 프로그램 수강생 모집 공고,정자1동,2026-09-01,2026-09-01 ~ 2026-09-18,62,156190,https://www.suwon.go.kr/web/saeallOfr/BD_ofrView.do?notAncmtMgtNo=156190,http://www.suwon.go.kr/web/saeallOfr/BD_ofrView.do?notAncmtMgtNo=156190,2026-09-01,8,"모집,프로그램,수강",,3,,,True,candidate,,course_local
5866,수원시 공고 제2026-1984호,"「하천법」위반 원상회복명령 2차 공시송달 공고 (수원천, 황구지천, 서호천, 원천리천, 광교천, 영화천)",수질하천과,2026-09-01,2026-09-01 ~ 2026-09-22,37,156188,https://www.suwon.go.kr/web/saeallOfr/BD_ofrView.do?notAncmtMgtNo=156188,http://www.suwon.go.kr/web/saeallOfr/BD_ofrView.do?notAncmtMgtNo=156188,2026-09-01,8,,공시송달,-1,공시송달,공시송달,False,rejected,strong_neg:공시송달,
5865,수원시 공고 제2026-1982호,「옥외광고물법」 위반에 따른 자진정비 시정명령 사전통지 반송분 공시송달 공고,도시디자인단,2026-09-01,2026-09-01 ~ 2026-09-15,31,156186,https://www.suwon.go.kr/web/saeallOfr/BD_ofrView.do?notAncmtMgtNo=156186,http://www.suwon.go.kr/web/saeallOfr/BD_ofrView.do?notAncmtMgtNo=156186,2026-09-01,8,,공시송달,-1,공시송달,공시송달,False,rejected,strong_neg:공시송달,
5864,수원시 장안구 조원2동 공고 제2026-33호,2026년 4분기 조원2동 주민자치센터 프로그램 수강생 모집 공고,조원2동,2026-09-01,2026-09-01 ~ 2026-09-30,44,156180,https://www.suwon.go.kr/web/saeallOfr/BD_ofrView.do?notAncmtMgtNo=156180,http://www.suwon.go.kr/web/saeallOfr/BD_ofrView.do?notAncmtMgtNo=156180,2026-09-01,8,"모집,프로그램,수강",,3,,,True,candidate,,course_local
5863,수원시 권선구 공고 제2026-708호,"2026년 9월 공시송달 공고- 취득세 납세고지서(8월 납기), 과세예고 통지서 등",세무과,2026-09-01,2026-09-01 ~ 2026-09-15,18,156177,https://www.suwon.go.kr/web/saeallOfr/BD_ofrView.do?notAncmtMgtNo=156177,http://www.suwon.go.kr/web/saeallOfr/BD_ofrView.do?notAncmtMgtNo=156177,2026-09-01,8,,공시송달,-1,공시송달,공시송달,False,rejected,strong_neg:공시송달,
5862,수원시 장안구 조원1동 공고 제2026-72호,2026년 4분기 조원1동 주민자치센터 프로그램 수강생 모집 공고,조원1동,2026-09-01,2026-09-01 ~ 2026-09-23,34,156175,https://www.suwon.go.kr/web/saeallOfr/BD_ofrView.do?notAncmtMgtNo=156175,http://www.suwon.go.kr/web/saeallOfr/BD_ofrView.do?notAncmtMgtNo=156175,2026-09-01,8,"모집,프로그램,수강",,3,,,True,candidate,,course_local
5861,수원시 고시 제2026-382호,결혼중개업체 공시(2026년 8월 말 기준),이주민정책과,2026-09-01,2026-09-01 ~ 2026-09-30,28,156170,https://www.suwon.go.kr/web/saeallOfr/BD_ofrView.do?notAncmtMgtNo=156170,http://www.suwon.go.kr/web/saeallOfr/BD_ofrView.do?notAncmtMgtNo=156170,2026-09-01,8,,,0,,,False,rejected,not_keyword_candidate,
5860,수원시 영통구 영통1동 공고 제2026-51호,영통1동 통장 모집 재공고(28통),영통1동,2026-09-01,2026-09-01 ~ 2026-09-21,18,156162,https://www.suwon.go.kr/web/saeallOfr/BD_ofrView.do?notAncmtMgtNo=156162,http://www.suwon.go.kr/web/saeallOfr/BD_ofrView.do?notAncmtMgtNo=156162,2026-09-01,8,모집,,1,,통장,True,rejected,blacklist:통장,
5859,수원시 장안구 정자2동 공고 제2026-44호,신규 주민등록증 발급안내문 교부 불능자 공고,정자2동,2026-09-01,2026-09-01 ~ 2026-09-14,18,156160,https://www.suwon.go.kr/web/saeallOfr/BD_ofrView.do?notAncmtMgtNo=156160,http://www.suwon.go.kr/web/saeallOfr/BD_ofrView.do?notAncmtMgtNo=156160,2026-09-01,8,,,0,,,False,rejected,not_keyword_candidate,
5858,수원시 팔달구 지동 공고 제2026-48호,2026년 4분기 지동 주민자치센터 프로그램 수강생 모집 공고,지동,2026-09-01,2026-09-01 ~ 2026-09-18,53,156159,https://www.suwon.go.kr/web/saeallOfr/BD_ofrView.do?notAncmtMgtNo=156159,http://www.suwon.go.kr/web/saeallOfr/BD_ofrView.do?notAncmtMgtNo=156159,2026-09-01,8,"모집,프로그램,수강",,3,,,True,candidate,,course_local
5857,수원시 팔달구 고등동 공고 제2026-57호,2026년 4분기 고등동 주민자치센터 프로그램 수강생 모집 공고,고등동,2026-09-01,2026-09-01 ~ 2026-09-18,110,156158,https://www.suwon.go.kr/web/saeallOfr/BD_ofrView.do?notAncmtMgtNo=156158,http://www.suwon.go.kr/web/saeallOfr/BD_ofrView.do?notAncmtMgtNo=156158,2026-09-01,8,"모집,프로그램,수강",,3,,,True,candidate,,course_local
5856,수원시 고시 제2026-379호,115-10구역 주택재개발정비사업 정비계획 및 정비구역지정 변경(경미한사항) 고시 게재,도시정비과,2026-09-01,,92,156157,https://www.suwon.go.kr/web/saeallOfr/BD_ofrView.do?notAncmtMgtNo=156157,http://www.suwon.go.kr/web/saeallOfr/BD_ofrView.do?notAncmtMgtNo=156157,2026-09-01,8,,,0,,정비사업,False,rejected,blacklist:정비사업,
5855,수원시 공고 제2026-1977호,보상계획 공고[수원도시계획시설(제4호 하수도 황구지천공공하수처리시설) 사업],하수관리과,2026-09-01,2026-09-01 ~ 2026-09-15,80,156155,https://www.suwon.go.kr/web/saeallOfr/BD_ofrView.do?notAncmtMgtNo=156155,http://www.suwon.go.kr/web/saeallOfr/BD_ofrView.do?notAncmtMgtNo=156155,2026-09-01,8,,"도시계획,보상",-2,,,False,rejected,not_keyword_candidate,
5854,수원시 고시 제2026-378호,수원 도시계획시설(제7호 폐기물처리 및 재활용시설: 음식물쓰레기처리시설) 실시계획(변경)인가 고시,도시계획과,2026-09-01,,34,156154,https://www.suwon.go.kr/web/saeallOfr/BD_ofrView.do?notAncmtMgtNo=156154,http://www.suwon.go.kr/web/saeallOfr/BD_ofrView.do?notAncmtMgtNo=156154,2026-09-01,8,,"도시계획,실시계획",-2,,인가,False,rejected,blacklist:인가,
5853,수원시 영통구 영통1동 공고 제2026-50호,영통1동 통장 모집 공고(6통),영통1동,2026-09-01,2026-09-01 ~ 2026-09-15,11,156145,https://www.suwon.go.kr/web/saeallOfr/BD_ofrView.do?notAncmtMgtNo=156145,http://www.suwon.go.kr/web/saeallOfr/BD_ofrView.do?notAncmtMgtNo=156145,2026-09-01,8,모집,,1,,통장,True,rejected,blacklist:통장,
5852,수원시 고시 제2026-377호,지적재조사지구 경미한 변경 고시,토지정보과,2026-09-01,2026-09-01 ~ 2026-10-01,19,156130,https://www.suwon.go.kr/web/saeallOfr/BD_ofrView.do?notAncmtMgtNo=156130,http://www.suwon.go.kr/web/saeallOfr/BD_ofrView.do?notAncmtMgtNo=156130,2026-09-01,8,,,0,,,False,rejected,not_keyword_candidate,
5851,수원시 공고 제2026-1969호,2026년 하반기 착한가격업소 신규지정 모집 공고,지역경제과,2026-09-01,2026-09-01 ~ 2027-02-28,53,156128,https://www.suwon.go.kr/web/saeallOfr/BD_ofrView.do?notAncmtMgtNo=156128,http://www.suwon.go.kr/web/saeallOfr/BD_ofrView.do?notAncmtMgtNo=156128,2026-09-01,8,모집,,1,,,True,candidate,,experience_apply
5850,수원시 영통구 영통3동 공고 제2026-64호,영통3동 통장 위촉 공고(제36통),영통3동,2026-09-01,2026-09-01 ~ 2026-09-15,12,156119,https://www.suwon.go.kr/web/saeallOfr/BD_ofrView.do?notAncmtMgtNo=156119,http://www.suwon.go.kr/web/saeallOfr/BD_ofrView.do?notAncmtMgtNo=156119,2026-09-01,8,,,0,,통장,False,rejected,blacklist:통장,
5849,수원시 고시 제2026-376호,수원시 도로명주소 부여・폐지 고시,토지정보과,2026-09-01,2026-09-01 ~ 2026-09-16,15,156102,https://www.suwon.go.kr/web/saeallOfr/BD_ofrView.do?notAncmtMgtNo=156102,http://www.suwon.go.kr/web/saeallOfr/BD_ofrView.do?notAncmtMgtNo=156102,2026-09-01,8,,,0,,,False,rejected,not_keyword_candidate,
5848,수원시 공고 제2026-1954호,민선9기 약속이야기 시민 아이디어 공모 최종 선정결과 공고,정책기획과,2026-09-01,2026-09-01 ~ 2026-09-28,78,156100,https://www.suwon.go.kr/web/saeallOfr/BD_ofrView.do?notAncmtMgtNo=156100,http://www.suwon.go.kr/web/saeallOfr/BD_ofrView.do?notAncmtMgtNo=156100,2026-09-01,8,"시민,공모",,2,,선정결과,True,rejected,blacklist:선정결과,
5847,수원시 고시 제2026-375호,하천점용허가 고시(2026-서호천12호),수질하천과,2026-09-01,2026-09-01 ~ 2026-09-15,17,156088,https://www.suwon.go.kr/web/saeallOfr/BD_ofrView.do?notAncmtMgtNo=156088,http://www.suwon.go.kr/web/saeallOfr/BD_ofrView.do?notAncmtMgtNo=156088,2026-09-01,8,,,0,,,False,rejected,not_keyword_candidate,
5846,수원시 공고 제2026-1923호,2026.7.1.기준 개별공시지가 열람 및 의견제출 요령 공고,토지정보과,2026-09-01,2026-09-01 ~ 2026-09-22,14,155986,https://www.suwon.go.kr/web/saeallOfr/BD_ofrView.do?notAncmtMgtNo=155986,http://www.suwon.go.kr/web/saeallOfr/BD_ofrView.do?notAncmtMgtNo=155986,2026-09-01,8,,,0,,,False,rejected,not_keyword_candidate,
5845,수원시 권선구 세류3동 공고 제2026-66호,"세류3동 통장 위촉 공고(6통, 15통)",세류3동,2026-08-31,2026-08-31 ~ 2026-09-14,39,156192,https://www.suwon.go.kr/web/saeallOfr/BD_ofrView.do?notAncmtMgtNo=156192,http://www.suwon.go.kr/web/saeallOfr/BD_ofrView.do?notAncmtMgtNo=156192,2026-08-31,8,,,0,,통장,False,rejected,blacklist:통장,
5844,수원시 공고 제2026-1985호,「수원시 중소기업육성기금 설치 및 운용 조례」일부개정 조례안 입법예고,기업지원과,2026-08-31,2026-08-31 ~ 2026-09-21,36,156189,https://www.suwon.go.kr/web/saeallOfr/BD_ofrView.do?notAncmtMgtNo=156189,http://www.suwon.go.kr/web/saeallOfr/BD_ofrView.do?notAncmtMgtNo=156189,2026-08-31,8,,,0,,입법예고,False,rejected,blacklist:입법예고,
5843,수원시 권선구 공고 제2026-710호,주정차위반 과태료 독촉고지서 반송에 따른 공시송달 공고,경제교통과,2026-08-31,2026-08-31 ~ 2026-09-15,25,156184,https://www.suwon.go.kr/web/saeallOfr/BD_ofrView.do?notAncmtMgtNo=156184,http://www.suwon.go.kr/web/saeallOfr/BD_ofrView.do?notAncmtMgtNo=156184,2026-08-31,8,,"공시송달,과태료",-2,"공시송달,과태료",공시송달,False,rejected,"strong_neg:공시송달,과태료",
5842,수원시 권선구 공고 제2026-709호,주정차위반 과태료 최초고지서 반송에 따른 공시송달 공고,경제교통과,2026-08-31,2026-08-31 ~ 2026-09-15,33,156183,https://www.suwon.go.kr/web/saeallOfr/BD_ofrView.do?notAncmtMgtNo=156183,http://www.suwon.go.kr/web/saeallOfr/BD_ofrView.do?notAncmtMgtNo=156183,2026-08-31,8,,"공시송달,과태료",-2,"공시송달,과태료",공시송달,False,rejected,"strong_neg:공시송달,과태료",
5841,수원시 영통구 매탄4동 공고 제2026-56호,거주불명자 행정상 관리주소 이전 직권조치 결과 공고,매탄4동,2026-08-31,2026-08-31 ~ 2026-09-14,21,156182,https://www.suwon.go.kr/web/saeallOfr/BD_ofrView.do?notAncmtMgtNo=156182,http://www.suwon.go.kr/web/saeallOfr/BD_ofrView.do?notAncmtMgtNo=156182,2026-08-31,8,,,0,,결과 공고,False,rejected,blacklist:결과 공고,
5840,수원시 팔달구 고등동 공고 제2026-58호,신규 주민등록증 발급통지서 미수령자에 대한 공고(2009년 8월생),고등동,2026-08-31,2026-08-31 ~ 2026-09-15,12,156181,https://www.suwon.go.kr/web/saeallOfr/BD_ofrView.do?notAncmtMgtNo=156181,http://www.suwon.go.kr/web/saeallOfr/BD_ofrView.do?notAncmtMgtNo=156181,2026-08-31,8,,,0,,,False,rejected,not_keyword_candidate,
5839,수원시 권선구 권선1동 공고 제2026-86호,2026년 민방위 집합교육(보충1차) 통지서 반송에 따른 공시송달 공고,권선1동,2026-08-31,2026-08-31 ~ 2026-09-14,6,156178,https://www.suwon.go.kr/web/saeallOfr/BD_ofrView.do?notAncmtMgtNo=156178,http://www.suwon.go.kr/web/saeallOfr/BD_ofrView.do?notAncmtMgtNo=156178,2026-08-31,8,교육,공시송달,0,공시송달,공시송달,False,rejected,strong_neg:공시송달,
5838,수원시 팔달구 우만1동 공고 제2026-57호,주민등록 무단전출자에 대한 직권조치 결과 공고,우만1동,2026-08-31,2026-08-31 ~ 2026-09-14,11,156176,https://www.suwon.go.kr/web/saeallOfr/BD_ofrView.do?notAncmtMgtNo=156176,http://www.suwon.go.kr/web/saeallOfr/BD_ofrView.do?notAncmtMgtNo=156176,2026-08-31,8,,,0,,결과 공고,False,rejected,blacklist:결과 공고,
5837,수원시 권선구 공고 제2026-707호,이륜자동차 정기검사 신청기간 경과 알림 및 명령서 반송분 공시송달 공고,경제교통과,2026-08-31,2026-08-31 ~ 2026-09-15,40,156173,https://www.suwon.go.kr/web/saeallOfr/BD_ofrView.do?notAncmtMgtNo=156173,http://www.suwon.go.kr/web/saeallOfr/BD_ofrView.do?notAncmtMgtNo=156173,2026-08-31,8,신청,공시송달,0,공시송달,공시송달,False,rejected,strong_neg:공시송달,
5836,수원시 공고 제2026-1981호,2027년 기업환경 개선사업 대상자 모집 공고,경제자유구역추진단,2026-08-31,2026-09-01 ~ 2026-09-18,136,156172,https://www.suwon.go.kr/web/saeallOfr/BD_ofrView.do?notAncmtMgtNo=156172,http://www.suwon.go.kr/web/saeallOfr/BD_ofrView.do?notAncmtMgtNo=156172,2026-08-31,8,"모집,대상자",,2,,,True,candidate,,support_apply
5835,수원시 팔달구 인계동 공고 제2026-96호,행정상 관리주소이전 직권조치결과 공고,인계동,2026-08-31,2026-08-31 ~ 2026-09-21,24,156166,https://www.suwon.go.kr/web/saeallOfr/BD_ofrView.do?notAncmtMgtNo=156166,http://www.suwon.go.kr/web/saeallOfr/BD_ofrView.do?notAncmtMgtNo=156166,2026-08-31,8,,,0,,결과 공고,False,rejected,blacklist:결과 공고,
5834,수원시 장안구 공고 제2026-418호,건축법 위반건축물 공시송달 공고(사전 안내),건축과,2026-08-31,2026-08-31 ~ 2026-09-15,34,156165,https://www.suwon.go.kr/web/saeallOfr/BD_ofrView.do?notAncmtMgtNo=156165,http://www.suwon.go.kr/web/saeallOfr/BD_ofrView.do?notAncmtMgtNo=156165,2026-08-31,8,,공시송달,-1,공시송달,공시송달,False,rejected,strong_neg:공시송달,
5833,수원시 팔달구 매산동 공고 제2026-69호,2026년 4분기 매산동 주민자치센터 프로그램 수강생 모집 공고,매산동,2026-08-31,2026-08-31 ~ 2026-09-18,28,156161,https://www.suwon.go.kr/web/saeallOfr/BD_ofrView.do?notAncmtMgtNo=156161,http://www.suwon.go.kr/web/saeallOfr/BD_ofrView.do?notAncmtMgtNo=156161,2026-08-31,9,"모집,프로그램,수강",,3,,,True,candidate,,course_local
5832,수원시 공고 제2026-1974호,수원도시관리계획(제97호공공청사) 결정(변경)입안에 따른 주민의견 청취 공고,도시계획과,2026-08-31,2026-08-31 ~ 2026-09-14,61,156140,https://www.suwon.go.kr/web/saeallOfr/BD_ofrView.do?notAncmtMgtNo=156140,http://www.suwon.go.kr/web/saeallOfr/BD_ofrView.do?notAncmtMgtNo=156140,2026-08-31,9,,,0,,,False,rejected,not_keyword_candidate,
5831,수원시 농업기술센터 공고 제2026-32호,제15회 전국 규방공예 공모전 수상작 결정 결과 공고,농업기술과,2026-08-31,2026-08-31 ~ 2026-10-01,94,156139,https://www.suwon.go.kr/web/saeallOfr/BD_ofrView.do?notAncmtMgtNo=156139,http://www.suwon.go.kr/web/saeallOfr/BD_ofrView.do?notAncmtMgtNo=156139,2026-08-31,9,공모,,1,,결과 공고,True,rejected,blacklist:결과 공고,
5830,수원시 권선구 권선2동 공고 제2026-52호,권선2동 통장 위촉 공고(제13통),권선2동,2026-08-31,2026-08-31 ~ 2026-09-15,32,156121,https://www.suwon.go.kr/web/saeallOfr/BD_ofrView.do?notAncmtMgtNo=156121,http://www.suwon.go.kr/web/saeallOfr/BD_ofrView.do?notAncmtMgtNo=156121,2026-08-31,9,,,0,,통장,False,rejected,blacklist:통장,
5829,수원시 공고 제2026-1959호,「수원시 모자보건조례」일부개정조례(안) 입법예고,건강관리과,2026-08-31,2026-08-31 ~ 2026-09-21,8,156108,https://www.suwon.go.kr/web/saeallOfr/BD_ofrView.do?notAncmtMgtNo=156108,http://www.suwon.go.kr/web/saeallOfr/BD_ofrView.do?notAncmtMgtNo=156108,2026-08-31,9,,,0,,입법예고,False,rejected,blacklist:입법예고,
5828,수원시 공고 제2026-1955호,보상협의 공시송달 공고[(가칭)새빛학교 신축 사업],도시계획과,2026-08-31,2026-08-31 ~ 2026-09-15,33,156101,https://www.suwon.go.kr/web/saeallOfr/BD_ofrView.do?notAncmtMgtNo=156101,http://www.suwon.go.kr/web/saeallOfr/BD_ofrView.do?notAncmtMgtNo=156101,2026-08-31,9,,"공시송달,보상",-2,공시송달,공시송달,False,rejected,strong_neg:공시송달,
5827,수원시 공고 제2026-1952호,2030년 수원 도시관리계획(재정비) 결정(변경)(안) 및 전략환경영향평가서(초안) 열람공고,도시계획과,2026-08-31,2026-08-31 ~ 2026-09-14,97,156094,https://www.suwon.go.kr/web/saeallOfr/BD_ofrView.do?notAncmtMgtNo=156094,http://www.suwon.go.kr/web/saeallOfr/BD_ofrView.do?notAncmtMgtNo=156094,2026-08-31,9,,,0,,,False,rejected,not_keyword_candidate,
5826,수원시 권선구 공고 제2026-701호,「평동1 지적재조사지구」완료 공람・공고,토지관리과,2026-08-31,2026-08-31 ~ 2026-09-15,30,156092,https://www.suwon.go.kr/web/saeallOfr/BD_ofrView.do?notAncmtMgtNo=156092,http://www.suwon.go.kr/web/saeallOfr/BD_ofrView.do?notAncmtMgtNo=156092,2026-08-31,9,,,0,,공람,False,rejected,blacklist:공람,
5825,수원시 공고 제2026-1941호,수원시 1인가구 일상패키지 지원사업 대상자 모집 공고,가족정책과,2026-08-31,2026-08-31 ~ 2026-09-14,81,156066,https://www.suwon.go.kr/web/saeallOfr/BD_ofrView.do?notAncmtMgtNo=156066,http://www.suwon.go.kr/web/saeallOfr/BD_ofrView.do?notAncmtMgtNo=156066,2026-08-31,9,"모집,지원사업,대상자",,3,,인가,True,rejected,blacklist:인가,
5824,수원시 고시 제2026-374호,소하천정비종합계획의 (변경)고시(당수천),수질하천과,2026-08-31,2026-08-31 ~ 2026-09-14,28,156054,https://www.suwon.go.kr/web/saeallOfr/BD_ofrView.do?notAncmtMgtNo=156054,http://www.suwon.go.kr/web/saeallOfr/BD_ofrView.do?notAncmtMgtNo=156054,2026-08-31,9,,,0,,,False,rejected,not_keyword_candidate,
5823,수원시 고시 제2026-373호,소하천 예정지의 지정(폐지) 및 지형도면 고시(당수천),수질하천과,2026-08-31,2026-08-31 ~ 2026-09-14,18,156053,https://www.suwon.go.kr/web/saeallOfr/BD_ofrView.do?notAncmtMgtNo=156053,http://www.suwon.go.kr/web/saeallOfr/BD_ofrView.do?notAncmtMgtNo=156053,2026-08-31,9,,,0,,,False,rejected,not_keyword_candidate,
5822,수원시 고시 제2026-372호,소하천구역의 결정(변경) 및 지형도면 고시(당수천),수질하천과,2026-08-31,2026-08-31 ~ 2026-09-14,18,156052,https://www.suwon.go.kr/web/saeallOfr/BD_ofrView.do?notAncmtMgtNo=156052,http://www.suwon.go.kr/web/saeallOfr/BD_ofrView.do?notAncmtMgtNo=156052,2026-08-31,9,,,0,,,False,rejected,not_keyword_candidate,
5821,수원시 고시 제2026-371호,소하천의 지정(변경)에 관한 고시(당수천),수질하천과,2026-08-31,2026-08-31 ~ 2026-09-14,26,156051,https://www.suwon.go.kr/web/saeallOfr/BD_ofrView.do?notAncmtMgtNo=156051,http://www.suwon.go.kr/web/saeallOfr/BD_ofrView.do?notAncmtMgtNo=156051,2026-08-31,9,,,0,,,False,rejected,not_keyword_candidate,
5820,수원시 팔달구 우만1동 공고 제2026-54호,신규 주민등록증 발급통지서 미수령자에 대한 공고 (2009년 8월생),우만1동,2026-08-31,2026-08-31 ~ 2026-09-14,14,155979,https://www.suwon.go.kr/web/saeallOfr/BD_ofrView.do?notAncmtMgtNo=155979,http://www.suwon.go.kr/web/saeallOfr/BD_ofrView.do?notAncmtMgtNo=155979,2026-08-31,9,,,0,,,False,rejected,not_keyword_candidate,
5819,수원시 공고 제2026-1911호,수원도시계획시설[제114호 근린공원(대유평공원)] 정비사업 사업시행자 지정 및 실시계획인가 열람 공고,생태공원과,2026-08-31,2026-08-31 ~ 2026-09-14,31,155953,https://www.suwon.go.kr/web/saeallOfr/BD_ofrView.do?notAncmtMgtNo=155953,http://www.suwon.go.kr/web/saeallOfr/BD_ofrView.do?notAncmtMgtNo=155953,2026-08-31,9,,"도시계획,실시계획",-2,,인가,False,rejected,blacklist:인가,
5818,수원시 장안구 정자3동 공고 제2026-45호,2026년 4분기 정자3동 주민자치센터 프로그램 수강생 모집 공고,정자3동,2026-08-28,2026-08-28 ~ 2026-09-18,129,156153,https://www.suwon.go.kr/web/saeallOfr/BD_ofrView.do?notAncmtMgtNo=156153,http://www.suwon.go.kr/web/saeallOfr/BD_ofrView.do?notAncmtMgtNo=156153,2026-08-28,9,"모집,프로그램,수강",,3,,,True,candidate,,course_local
5817,수원시 수원시립미술관 공고 제2026-22호,2027년 상반기 수원시립만석・북수원전시관 정기대관 접수 정정공고,미술관정책과,2026-08-28,2026-08-28 ~ 2026-10-16,74,156144,https://www.suwon.go.kr/web/saeallOfr/BD_ofrView.do?notAncmtMgtNo=156144,http://www.suwon.go.kr/web/saeallOfr/BD_ofrView.do?notAncmtMgtNo=156144,2026-08-28,9,,,0,,,False,rejected,not_keyword_candidate,
5816,수원시 영통구 영통1동 공고 제2026-49호,2026년 4분기 영통1동 주민자치센터 프로그램 수강생 모집 공고(수정),영통1동,2026-08-28,2026-08-28 ~ 2026-09-30,118,156142,https://www.suwon.go.kr/web/saeallOfr/BD_ofrView.do?notAncmtMgtNo=156142,http://www.suwon.go.kr/web/saeallOfr/BD_ofrView.do?notAncmtMgtNo=156142,2026-08-28,9,"모집,프로그램,수강",,3,,,True,candidate,,course_local
5815,수원시 공고 제2026-1975호,수원시 시립어린이집 위탁체 선정 공고,가족정책과,2026-08-28,2026-08-28 ~ 2026-09-27,140,156141,https://www.suwon.go.kr/web/saeallOfr/BD_ofrView.do?notAncmtMgtNo=156141,http://www.suwon.go.kr/web/saeallOfr/BD_ofrView.do?notAncmtMgtNo=156141,2026-08-28,9,,,0,,,False,rejected,not_keyword_candidate,
5814,수원시 영통구 광교2동 공고 제2026-33호,2026년 4분기 광교2동 주민자치센터 프로그램 수강생 모집 공고,광교2동,2026-08-28,2026-08-28 ~ 2026-09-16,209,156137,https://www.suwon.go.kr/web/saeallOfr/BD_ofrView.do?notAncmtMgtNo=156137,http://www.suwon.go.kr/web/saeallOfr/BD_ofrView.do?notAncmtMgtNo=156137,2026-08-28,9,"모집,프로그램,수강",,3,,,True,candidate,,course_local
5813,수원시 영통구 공고 제2026-458호,지적공부 등록사항정정 대상토지 공고 건의,토지관리과,2026-08-28,2026-08-28 ~ 2026-09-18,33,156129,https://www.suwon.go.kr/web/saeallOfr/BD_ofrView.do?notAncmtMgtNo=156129,http://www.suwon.go.kr/web/saeallOfr/BD_ofrView.do?notAncmtMgtNo=156129,2026-08-28,9,,,0,,,False,rejected,not_keyword_candidate,
5812,수원시 영통구 망포2동 공고 제2026-40호,2026년 4분기 망포2동 주민자치센터 프로그램 수강생 모집,망포2동,2026-08-28,2026-08-28 ~ 2026-09-30,102,156127,https://www.suwon.go.kr/web/saeallOfr/BD_ofrView.do?notAncmtMgtNo=156127,http://www.suwon.go.kr/web/saeallOfr/BD_ofrView.do?notAncmtMgtNo=156127,2026-08-28,9,"모집,프로그램,수강",,3,,,True,candidate,,course_local
5811,수원시 공고 제2026-1968호,「 민간임대주택에 관한 특별법 」위반에 따른 과태료 사전통지 공시송달 공고,공동주택과,2026-08-28,2026-08-28 ~ 2026-09-18,78,156126,https://www.suwon.go.kr/web/saeallOfr/BD_ofrView.do?notAncmtMgtNo=156126,http://www.suwon.go.kr/web/saeallOfr/BD_ofrView.do?notAncmtMgtNo=156126,2026-08-28,9,,"공시송달,과태료",-2,"공시송달,과태료",공시송달,False,rejected,"strong_neg:공시송달,과태료",
5810,수원시 공고 제2026-1966호,2026년도 페달 오조작 방지장치 설치 지원사업 지원자 모집 공고,교통정책과,2026-08-28,2026-08-28 ~ 2026-09-14,107,156124,https://www.suwon.go.kr/web/saeallOfr/BD_ofrView.do?notAncmtMgtNo=156124,http://www.suwon.go.kr/web/saeallOfr/BD_ofrView.do?notAncmtMgtNo=156124,2026-08-28,9,"모집,지원사업",,2,,,True,candidate,,support_apply
5809,수원시 장안구 연무동 공고 제2026-53호,연무동 주민자치센터 특성화 프로그램 수강생 모집 공고,연무동,2026-08-28,2026-08-28 ~ 2026-09-14,72,156123,https://www.suwon.go.kr/web/saeallOfr/BD_ofrView.do?notAncmtMgtNo=156123,http://www.suwon.go.kr/web/saeallOfr/BD_ofrView.do?notAncmtMgtNo=156123,2026-08-28,9,"모집,프로그램,수강",,3,,,True,candidate,,course_local
5808,수원시 영통구 영통3동 공고 제2026-65호,주민등록 무단전출자에 대한 최고공고,영통3동,2026-08-28,2026-08-28 ~ 2026-09-14,27,156120,https://www.suwon.go.kr/web/saeallOfr/BD_ofrView.do?notAncmtMgtNo=156120,http://www.suwon.go.kr/web/saeallOfr/BD_ofrView.do?notAncmtMgtNo=156120,2026-08-28,9,,,0,,,False,rejected,not_keyword_candidate,
5807,수원시 영통구 망포2동 공고 제2026-39호,신규 주민등록증 발급통지서 반송 공시송달 공고(2009년 8월생),망포2동,2026-08-28,2026-08-28 ~ 2026-09-17,33,156115,https://www.suwon.go.kr/web/saeallOfr/BD_ofrView.do?notAncmtMgtNo=156115,http://www.suwon.go.kr/web/saeallOfr/BD_ofrView.do?notAncmtMgtNo=156115,2026-08-28,9,,공시송달,-1,공시송달,공시송달,False,rejected,strong_neg:공시송달,
5806,수원시 공고 제2026-1962호,수원시 보훈회관 민간위탁기관 선정 결과 공고,복지정책과,2026-08-28,2026-08-28 ~ 2026-09-14,46,156112,https://www.suwon.go.kr/web/saeallOfr/BD_ofrView.do?notAncmtMgtNo=156112,http://www.suwon.go.kr/web/saeallOfr/BD_ofrView.do?notAncmtMgtNo=156112,2026-08-28,9,,,0,,선정 결과,False,rejected,blacklist:선정 결과,
5805,수원시 장안구 정자3동 공고 제2026-44호,2026년 4분기 정자3동 주민자치센터 프로그램 수강생 모집 공고,정자3동,2026-08-28,2026-08-28 ~ 2026-09-18,116,156110,https://www.suwon.go.kr/web/saeallOfr/BD_ofrView.do?notAncmtMgtNo=156110,http://www.suwon.go.kr/web/saeallOfr/BD_ofrView.do?notAncmtMgtNo=156110,2026-08-28,9,"모집,프로그램,수강",,3,,,True,candidate,,course_local
5804,수원시 공고 제2026-1960호,「수원시 사회복지기금 설치 및 운용 조례」 일부개정조례안 입법예고,복지정책과,2026-08-28,2026-08-28 ~ 2026-09-17,14,156109,https://www.suwon.go.kr/web/saeallOfr/BD_ofrView.do?notAncmtMgtNo=156109,http://www.suwon.go.kr/web/saeallOfr/BD_ofrView.do?notAncmtMgtNo=156109,2026-08-28,9,,,0,,입법예고,False,rejected,blacklist:입법예고,
5803,수원시 공고 제2026-1958호,「수원시 통합돌봄 지원 조례」 일부개정조례안 입법예고,돌봄정책과,2026-08-28,2026-08-28 ~ 2026-09-17,19,156107,https://www.suwon.go.kr/web/saeallOfr/BD_ofrView.do?notAncmtMgtNo=156107,http://www.suwon.go.kr/web/saeallOfr/BD_ofrView.do?notAncmtMgtNo=156107,2026-08-28,9,,,0,,입법예고,False,rejected,blacklist:입법예고,
5802,수원시 공고 제2026-1957호,「수원시 예방접종 지원에 관한 조례」일부개정조례안 입법 예고,감염병관리과,2026-08-28,2026-08-28 ~ 2026-09-17,15,156106,https://www.suwon.go.kr/web/saeallOfr/BD_ofrView.do?notAncmtMgtNo=156106,http://www.suwon.go.kr/web/saeallOfr/BD_ofrView.do?notAncmtMgtNo=156106,2026-08-28,9,,,0,,,False,rejected,not_keyword_candidate,
5801,수원시 공고 제2026-1956호,「수원시 의료・요양 등 지역 돌봄 통합지원에 관한 조례」일부개정조례(안) 입법예고,돌봄정책과,2026-08-28,2026-08-28 ~ 2026-09-17,31,156105,https://www.suwon.go.kr/web/saeallOfr/BD_ofrView.do?notAncmtMgtNo=156105,http://www.suwon.go.kr/web/saeallOfr/BD_ofrView.do?notAncmtMgtNo=156105,2026-08-28,9,,,0,,입법예고,False,rejected,blacklist:입법예고,
5800,수원시 공고 제2026-1951호,민간임대주택에 관한 특별법 위반 과태료 체납 독촉 반송에 따른 공시송달 공고,공동주택과,2026-08-28,2026-08-28 ~ 2026-09-15,65,156093,https://www.suwon.go.kr/web/saeallOfr/BD_ofrView.do?notAncmtMgtNo=156093,http://www.suwon.go.kr/web/saeallOfr/BD_ofrView.do?notAncmtMgtNo=156093,2026-08-28,9,,"공시송달,과태료",-2,"공시송달,과태료",공시송달,False,rejected,"strong_neg:공시송달,과태료",
5799,수원시 공고 제2026-1948호,「수원시 관광 및 공공시설 셔틀버스 운영 조례」제정안 입법예고,대중교통과,2026-08-28,2026-08-28 ~ 2026-09-17,20,156087,https://www.suwon.go.kr/web/saeallOfr/BD_ofrView.do?notAncmtMgtNo=156087,http://www.suwon.go.kr/web/saeallOfr/BD_ofrView.do?notAncmtMgtNo=156087,2026-08-28,9,관광,,1,,입법예고,True,rejected,blacklist:입법예고,
5798,수원시 팔달구 우만1동 공고 제2026-56호,2026년 4분기 우만1동 주민자치센터 프로그램 수강생 모집,우만1동,2026-08-28,2026-08-28 ~ 2026-09-28,59,156082,https://www.suwon.go.kr/web/saeallOfr/BD_ofrView.do?notAncmtMgtNo=156082,http://www.suwon.go.kr/web/saeallOfr/BD_ofrView.do?notAncmtMgtNo=156082,2026-08-28,9,"모집,프로그램,수강",,3,,,True,candidate,,course_local
5797,수원시 공고 제2026-1942호,「수원시 관광 진흥에 관한 조례」일부개정조례(안) 입법예고,관광과,2026-08-28,2026-08-28 ~ 2026-09-17,19,156074,https://www.suwon.go.kr/web/saeallOfr/BD_ofrView.do?notAncmtMgtNo=156074,http://www.suwon.go.kr/web/saeallOfr/BD_ofrView.do?notAncmtMgtNo=156074,2026-08-28,9,관광,,1,,입법예고,True,rejected,blacklist:입법예고,
5796,수원시 영통구 공고 제2026-456호,방죽어린이공원 노상주차장 사용제한 공고,경제교통과,2026-08-28,2026-08-28 ~ 2026-12-30,13,156067,https://www.suwon.go.kr/web/saeallOfr/BD_ofrView.do?notAncmtMgtNo=156067,http://www.suwon.go.kr/web/saeallOfr/BD_ofrView.do?notAncmtMgtNo=156067,2026-08-28,9,,,0,,,False,rejected,not_keyword_candidate,
5795,수원시 공고 제2026-1940호,「수원시 재단법인 수원문화재단 설립 및 운영 조례」일부개정 조례안 입법예고,문화예술과,2026-08-28,2026-08-28 ~ 2026-09-17,20,156064,https://www.suwon.go.kr/web/saeallOfr/BD_ofrView.do?notAncmtMgtNo=156064,http://www.suwon.go.kr/web/saeallOfr/BD_ofrView.do?notAncmtMgtNo=156064,2026-08-28,9,,,0,,입법예고,False,rejected,blacklist:입법예고,
5794,수원시 장안구 파장동 공고 제2026-66호,신규주민등록증 발급통지서 미교부자 공고(2009년 8월생),파장동,2026-08-28,2026-08-28 ~ 2026-09-14,26,156045,https://www.suwon.go.kr/web/saeallOfr/BD_ofrView.do?notAncmtMgtNo=156045,http://www.suwon.go.kr/web/saeallOfr/BD_ofrView.do?notAncmtMgtNo=156045,2026-08-28,9,,,0,,,False,rejected,not_keyword_candidate,
5793,수원시 고시 제2026-370호,수원 도시계획시설(제31호 문화시설) 실시계획(변경)인가 고시,문화유산복원과,2026-08-28,,55,156011,https://www.suwon.go.kr/web/saeallOfr/BD_ofrView.do?notAncmtMgtNo=156011,http://www.suwon.go.kr/web/saeallOfr/BD_ofrView.do?notAncmtMgtNo=156011,2026-08-28,9,,"도시계획,실시계획",-2,,인가,False,rejected,blacklist:인가,
5792,수원시 고시 제2026-369호,권선1구역 주택재건축정비사업 사업시행계획(변경)인가 고시,도시정비과,2026-08-28,,149,156005,https://www.suwon.go.kr/web/saeallOfr/BD_ofrView.do?notAncmtMgtNo=156005,http://www.suwon.go.kr/web/saeallOfr/BD_ofrView.do?notAncmtMgtNo=156005,2026-08-28,9,,,0,,인가,False,rejected,blacklist:인가,
5791,수원시 공고 제2026-1926호,「수원시 공공한옥 관리・운영 조례」일부개정 조례안 입법예고,문화유산관리과,2026-08-28,2026-08-28 ~ 2026-09-17,35,156004,https://www.suwon.go.kr/web/saeallOfr/BD_ofrView.do?notAncmtMgtNo=156004,http://www.suwon.go.kr/web/saeallOfr/BD_ofrView.do?notAncmtMgtNo=156004,2026-08-28,9,,,0,,입법예고,False,rejected,blacklist:입법예고,
5790,수원시 공고 제2026-1924호,「수원시 건축서비스산업 진흥 조례」일부개정조례안 입법예고,도시디자인단,2026-08-28,2026-08-28 ~ 2026-09-17,16,155998,https://www.suwon.go.kr/web/saeallOfr/BD_ofrView.do?notAncmtMgtNo=155998,http://www.suwon.go.kr/web/saeallOfr/BD_ofrView.do?notAncmtMgtNo=155998,2026-08-28,9,,,0,,입법예고,False,rejected,blacklist:입법예고,
5789,수원시 영통구 영통2동 공고 제2026-59호,2026년 4분기 영통2동 문화센터 프로그램 수강생 모집 공고,영통2동,2026-08-27,2026-08-27 ~ 2026-09-15,242,156085,https://www.suwon.go.kr/web/saeallOfr/BD_ofrView.do?notAncmtMgtNo=156085,http://www.suwon.go.kr/web/saeallOfr/BD_ofrView.do?notAncmtMgtNo=156085,2026-08-27,9,"모집,프로그램,수강",,3,,,True,candidate,,course_local
5788,수원시 영통구 영통1동 공고 제2026-48호,2026년 영통1동 주민자치센터 특성화 프로그램 「시니어 바레」수강생 모집 공고,영통1동,2026-08-27,2026-08-27 ~ 2026-09-21,88,156077,https://www.suwon.go.kr/web/saeallOfr/BD_ofrView.do?notAncmtMgtNo=156077,http://www.suwon.go.kr/web/saeallOfr/BD_ofrView.do?notAncmtMgtNo=156077,2026-08-27,9,"모집,프로그램,수강",,3,,,True,candidate,,course_local
5787,수원시 영통구 영통1동 공고 제2026-47호,2026년 4분기 영통1동 주민자치센터 프로그램 수강생 모집 공고,영통1동,2026-08-27,2026-08-27 ~ 2026-09-30,111,156070,https://www.suwon.go.kr/web/saeallOfr/BD_ofrView.do?notAncmtMgtNo=156070,http://www.suwon.go.kr/web/saeallOfr/BD_ofrView.do?notAncmtMgtNo=156070,2026-08-27,9,"모집,프로그램,수강",,3,,,True,candidate,,course_local
5786,수원시 공고 제2026-1938호,제6기 수원시 지역사회보장계획(안) 공고,돌봄정책과,2026-08-27,2026-08-27 ~ 2026-09-16,62,156060,https://www.suwon.go.kr/web/saeallOfr/BD_ofrView.do?notAncmtMgtNo=156060,http://www.suwon.go.kr/web/saeallOfr/BD_ofrView.do?notAncmtMgtNo=156060,2026-08-27,9,,,0,,,False,rejected,not_keyword_candidate,
5785,수원시 공고 제2026-1934호,전문건설업 등록말소 공고,건설정책과,2026-08-27,2026-08-27 ~ 2031-09-30,65,156042,https://www.suwon.go.kr/web/saeallOfr/BD_ofrView.do?notAncmtMgtNo=156042,http://www.suwon.go.kr/web/saeallOfr/BD_ofrView.do?notAncmtMgtNo=156042,2026-08-27,9,,,0,,,False,rejected,not_keyword_candidate,
5784,수원시 팔달구보건소 보건행정과 공고 제2026-7호,소독업 영업신고사항 직권취소 알림 공시송달 공고,보건행정과,2026-08-27,2026-08-27 ~ 2026-09-17,11,156041,https://www.suwon.go.kr/web/saeallOfr/BD_ofrView.do?notAncmtMgtNo=156041,http://www.suwon.go.kr/web/saeallOfr/BD_ofrView.do?notAncmtMgtNo=156041,2026-08-27,9,,공시송달,-1,공시송달,공시송달,False,rejected,strong_neg:공시송달,
5783,수원시 공원녹지사업소 공고 제2026-9호,「경기생태마당 조성사업 CCTV설치」행정예고,생태공원과,2026-08-27,2026-08-27 ~ 2026-09-16,19,155959,https://www.suwon.go.kr/web/saeallOfr/BD_ofrView.do?notAncmtMgtNo=155959,http://www.suwon.go.kr/web/saeallOfr/BD_ofrView.do?notAncmtMgtNo=155959,2026-08-27,10,,,0,,,False,rejected,not_keyword_candidate,
5782,수원시 공고 제2026-1897호,수원 도시계획시설(도로: 소로1-180호선) 공사완료 공고,도시계획과,2026-08-27,,24,155895,https://www.suwon.go.kr/web/saeallOfr/BD_ofrView.do?notAncmtMgtNo=155895,http://www.suwon.go.kr/web/saeallOfr/BD_ofrView.do?notAncmtMgtNo=155895,2026-08-27,10,,도시계획,-1,,,False,rejected,not_keyword_candidate,
5781,수원시 권선구 권선2동 공고 제2026-51호,2026년 권선2동 평생학습센터 「디지털 생활문해교실」수강생 모집 공고,권선2동,2026-08-26,2026-08-26 ~ 2026-09-14,19,156058,https://www.suwon.go.kr/web/saeallOfr/BD_ofrView.do?notAncmtMgtNo=156058,http://www.suwon.go.kr/web/saeallOfr/BD_ofrView.do?notAncmtMgtNo=156058,2026-08-26,10,"모집,수강",,2,,,True,candidate,,course_local
5780,수원시 권선구 권선2동 공고 제2026-50호,2026년 4분기 권선2동 주민자치센터 프로그램 수강생 모집 공고,권선2동,2026-08-26,2026-08-26 ~ 2026-09-14,30,156057,https://www.suwon.go.kr/web/saeallOfr/BD_ofrView.do?notAncmtMgtNo=156057,http://www.suwon.go.kr/web/saeallOfr/BD_ofrView.do?notAncmtMgtNo=156057,2026-08-26,10,"모집,프로그램,수강",,3,,,True,candidate,,course_local
5779,수원시 공고 제2026-1921호,2026년 팔달새일센터 여성친화기업 환경개선사업 참여 기업 모집 공고,노동일자리정책과,2026-08-26,2026-08-26 ~ 2026-10-31,58,155978,https://www.suwon.go.kr/web/saeallOfr/BD_ofrView.do?notAncmtMgtNo=155978,http://www.suwon.go.kr/web/saeallOfr/BD_ofrView.do?notAncmtMgtNo=155978,2026-08-26,10,모집,,1,,참여 기업,True,rejected,blacklist:참여 기업,
5778,수원시 팔달구 행궁동 공고 제2026-37호,신규 주민등록증 발급 통지서 미수령자 공고,행궁동,2026-08-26,2026-08-26 ~ 2026-09-30,26,155972,https://www.suwon.go.kr/web/saeallOfr/BD_ofrView.do?notAncmtMgtNo=155972,http://www.suwon.go.kr/web/saeallOfr/BD_ofrView.do?notAncmtMgtNo=155972,2026-08-26,10,,,0,,,False,rejected,not_keyword_candidate,
5777,수원시 공고 제2026-1917호,「하천법」위반 원상회복명령 1차 공시송달 공고(황구지천),수질하천과,2026-08-26,2026-08-26 ~ 2026-09-28,17,155963,https://www.suwon.go.kr/web/saeallOfr/BD_ofrView.do?notAncmtMgtNo=155963,http://www.suwon.go.kr/web/saeallOfr/BD_ofrView.do?notAncmtMgtNo=155963,2026-08-26,10,,공시송달,-1,공시송달,공시송달,False,rejected,strong_neg:공시송달,
5776,수원시 공고 제2026-1895호,「수원시 자전거 이용 활성화에 관한 조례」일부개정조례안 입법예고,교통정책과,2026-08-26,2026-08-26 ~ 2026-09-16,13,155878,https://www.suwon.go.kr/web/saeallOfr/BD_ofrView.do?notAncmtMgtNo=155878,http://www.suwon.go.kr/web/saeallOfr/BD_ofrView.do?notAncmtMgtNo=155878,2026-08-26,10,,,0,,입법예고,False,rejected,blacklist:입법예고,
5775,수원시 권선구 구운동 공고 제2026-68호,2026년 4분기 구운동 주민자치센터 프로그램 수강생 모집 공고,구운동,2026-08-25,2026-08-25 ~ 2026-09-30,101,155943,https://www.suwon.go.kr/web/saeallOfr/BD_ofrView.do?notAncmtMgtNo=155943,http://www.suwon.go.kr/web/saeallOfr/BD_ofrView.do?notAncmtMgtNo=155943,2026-08-25,10,"모집,프로그램,수강",,3,,,True,candidate,,course_local
5774,수원시 공고 제2026-1905호,수원시 중앙버스전용차로 일부 해제(변경) 고시안 행정예고,대중교통과,2026-08-25,2026-08-25 ~ 2026-09-14,30,155926,https://www.suwon.go.kr/web/saeallOfr/BD_ofrView.do?notAncmtMgtNo=155926,http://www.suwon.go.kr/web/saeallOfr/BD_ofrView.do?notAncmtMgtNo=155926,2026-08-25,10,,,0,,,False,rejected,not_keyword_candidate,
5773,수원시 팔달구 고등동 공고 제2026-55호,2026년 고등동 주민자치센터 특성화 프로그램 수강생 모집 공고,고등동,2026-08-25,2026-08-25 ~ 2026-09-15,33,155924,https://www.suwon.go.kr/web/saeallOfr/BD_ofrView.do?notAncmtMgtNo=155924,http://www.suwon.go.kr/web/saeallOfr/BD_ofrView.do?notAncmtMgtNo=155924,2026-08-25,10,"모집,프로그램,수강",,3,,,True,candidate,,course_local
5772,수원시 공고 제2026-1903호,건설공사 안전점검 수행기관 등록명부 공고,건설정책과,2026-08-25,2026-08-25 ~ 2027-08-23,360,155921,https://www.suwon.go.kr/web/saeallOfr/BD_ofrView.do?notAncmtMgtNo=155921,http://www.suwon.go.kr/web/saeallOfr/BD_ofrView.do?notAncmtMgtNo=155921,2026-08-25,10,,,0,,수행기관,False,rejected,blacklist:수행기관,
5771,수원시 의회 공고 제2026-100호,주민조례청구 대표자증명서 발급 사실 공표,의사담당관,2026-08-25,,22,155864,https://www.suwon.go.kr/web/saeallOfr/BD_ofrView.do?notAncmtMgtNo=155864,http://www.suwon.go.kr/web/saeallOfr/BD_ofrView.do?notAncmtMgtNo=155864,2026-08-25,10,,,0,,,False,rejected,not_keyword_candidate,
5770,수원시 공고 제2026-1888호,수원시 체육시설 관리 운영 조례 일부개정조례안 입법예고,체육진흥과,2026-08-25,2026-08-25 ~ 2026-09-14,26,155844,https://www.suwon.go.kr/web/saeallOfr/BD_ofrView.do?notAncmtMgtNo=155844,http://www.suwon.go.kr/web/saeallOfr/BD_ofrView.do?notAncmtMgtNo=155844,2026-08-25,10,,,0,,입법예고,False,rejected,blacklist:입법예고,
5769,수원시 수원시립미술관 공고 제2026-21호,2027년 상반기 수원시립만석전시관(수원시립북수원전시관) 정기대관 접수 공고,미술관정책과,2026-08-24,2026-08-24 ~ 2026-10-16,84,155952,https://www.suwon.go.kr/web/saeallOfr/BD_ofrView.do?notAncmtMgtNo=155952,http://www.suwon.go.kr/web/saeallOfr/BD_ofrView.do?notAncmtMgtNo=155952,2026-08-24,10,,,0,,,False,rejected,not_keyword_candidate,
5768,수원시 팔달구 인계동 공고 제2026-93호,행정상 관리주소이전 직권조치결과 공고,인계동,2026-08-24,2026-08-24 ~ 2026-09-16,36,155938,https://www.suwon.go.kr/web/saeallOfr/BD_ofrView.do?notAncmtMgtNo=155938,http://www.suwon.go.kr/web/saeallOfr/BD_ofrView.do?notAncmtMgtNo=155938,2026-08-24,10,,,0,,결과 공고,False,rejected,blacklist:결과 공고,
5767,수원시 공고 제2026-1900호,수원시 마이스산업 진흥 조례 시행규칙 일부개정규칙안 입법예고,관광과,2026-08-24,2026-08-24 ~ 2026-09-14,48,155906,https://www.suwon.go.kr/web/saeallOfr/BD_ofrView.do?notAncmtMgtNo=155906,http://www.suwon.go.kr/web/saeallOfr/BD_ofrView.do?notAncmtMgtNo=155906,2026-08-24,10,,,0,,입법예고,False,rejected,blacklist:입법예고,
5766,수원시 공고 제2026-1899호,수원시 마이스산업 진흥 조례 일부개정조례안 입법예고,관광과,2026-08-24,2026-08-24 ~ 2026-09-14,45,155905,https://www.suwon.go.kr/web/saeallOfr/BD_ofrView.do?notAncmtMgtNo=155905,http://www.suwon.go.kr/web/saeallOfr/BD_ofrView.do?notAncmtMgtNo=155905,2026-08-24,10,,,0,,입법예고,False,rejected,blacklist:입법예고,
5765,수원시 고시 제2026-363호,수원도시계획시설[제8호 소공원] 조성 사업 ‘사업시행자 지정 및 실시계획인가’고시,생태공원과,2026-08-24,,41,155837,https://www.suwon.go.kr/web/saeallOfr/BD_ofrView.do?notAncmtMgtNo=155837,http://www.suwon.go.kr/web/saeallOfr/BD_ofrView.do?notAncmtMgtNo=155837,2026-08-24,10,,"도시계획,실시계획",-2,,인가,False,rejected,blacklist:인가,
5764,수원시 장안구 율천동 공고 제2026-32호,2026년 4분기 율천동 밤밭문화센터 프로그램 수강생 모집,율천동,2026-08-24,2026-08-24 ~ 2026-09-30,40,155835,https://www.suwon.go.kr/web/saeallOfr/BD_ofrView.do?notAncmtMgtNo=155835,http://www.suwon.go.kr/web/saeallOfr/BD_ofrView.do?notAncmtMgtNo=155835,2026-08-24,10,"모집,프로그램,수강",,3,,,True,candidate,,course_local
5763,수원시 공고 제2026-1882호,「수원시 청소년청년재단 설립・운영 조례」일부개정조례안 입법예고,교육청년청소년과,2026-08-24,2026-08-24 ~ 2026-09-14,19,155814,https://www.suwon.go.kr/web/saeallOfr/BD_ofrView.do?notAncmtMgtNo=155814,http://www.suwon.go.kr/web/saeallOfr/BD_ofrView.do?notAncmtMgtNo=155814,2026-08-24,10,,,0,,입법예고,False,rejected,blacklist:입법예고,
5762,수원시 권선구 평동 공고 제2026-74호,고색향토문화전시관 시설 이용 규정 공고,평동,2026-08-21,2026-08-21 ~ 2026-09-30,97,155930,https://www.suwon.go.kr/web/saeallOfr/BD_ofrView.do?notAncmtMgtNo=155930,http://www.suwon.go.kr/web/saeallOfr/BD_ofrView.do?notAncmtMgtNo=155930,2026-08-21,10,,,0,,,False,rejected,not_keyword_candidate,
5761,수원시 장안구 연무동 공고 제2026-52호,2026년 연무동 주민총회 개최결과 공고,연무동,2026-08-21,2026-08-21 ~ 2026-09-23,80,155928,https://www.suwon.go.kr/web/saeallOfr/BD_ofrView.do?notAncmtMgtNo=155928,http://www.suwon.go.kr/web/saeallOfr/BD_ofrView.do?notAncmtMgtNo=155928,2026-08-21,10,,,0,,결과 공고,False,rejected,blacklist:결과 공고,
5760,수원시 장안구 연무동 공고 제2026-51호,2027년 연무동 마을자치계획 공고,연무동,2026-08-21,2026-08-21 ~ 2026-09-23,72,155917,https://www.suwon.go.kr/web/saeallOfr/BD_ofrView.do?notAncmtMgtNo=155917,http://www.suwon.go.kr/web/saeallOfr/BD_ofrView.do?notAncmtMgtNo=155917,2026-08-21,10,,,0,,,False,rejected,not_keyword_candidate,
5759,수원시 고시 제2026-362호,수원 도시관리계획[제8호 소공원] 공원조성계획 결정(변경) 및 지형도면 고시,생태공원과,2026-08-21,,44,155836,https://www.suwon.go.kr/web/saeallOfr/BD_ofrView.do?notAncmtMgtNo=155836,http://www.suwon.go.kr/web/saeallOfr/BD_ofrView.do?notAncmtMgtNo=155836,2026-08-21,10,,,0,,,False,rejected,not_keyword_candidate,
5758,수원시 공고 제2026-1880호,우만나구역 재개발정비사업 정비구역 지정(안) 주민 공람 공고,도시정비과,2026-08-21,2026-08-21 ~ 2026-09-21,272,155810,https://www.suwon.go.kr/web/saeallOfr/BD_ofrView.do?notAncmtMgtNo=155810,http://www.suwon.go.kr/web/saeallOfr/BD_ofrView.do?notAncmtMgtNo=155810,2026-08-21,10,,,0,,공람,False,rejected,blacklist:공람,
5757,수원시 고시 제2026-353호,수원 도시관리계획(역세권2 지구단위계획) 결정(변경) 및 지형도면 고시,지구단위계획과,2026-08-21,,84,155670,https://www.suwon.go.kr/web/saeallOfr/BD_ofrView.do?notAncmtMgtNo=155670,http://www.suwon.go.kr/web/saeallOfr/BD_ofrView.do?notAncmtMgtNo=155670,2026-08-21,10,,,0,,,False,rejected,not_keyword_candidate,
5756,수원시 고시 제2026-360호,수원도시계획시설[제184호(우주선) 어린이공원] 재정비 사업 ‘사업시행자 지정 및 실시계획인가’고시,생태공원과,2026-08-20,,35,155740,https://www.suwon.go.kr/web/saeallOfr/BD_ofrView.do?notAncmtMgtNo=155740,http://www.suwon.go.kr/web/saeallOfr/BD_ofrView.do?notAncmtMgtNo=155740,2026-08-20,10,,"도시계획,실시계획",-2,,인가,False,rejected,blacklist:인가,
5755,수원시 공고 제2026-1824호,수원도시계획시설[제215호(지동) 어린이공원] 조성사업 공사 완료 공고,생태공원과,2026-08-20,,16,155599,https://www.suwon.go.kr/web/saeallOfr/BD_ofrView.do?notAncmtMgtNo=155599,http://www.suwon.go.kr/web/saeallOfr/BD_ofrView.do?notAncmtMgtNo=155599,2026-08-20,10,,도시계획,-1,,,False,rejected,not_keyword_candidate,
5754,수원시 고시 제2026-359호,수원 도시관리계획[제184호(우주선) 어린이공원] 공원조성계획 결정(변경) 및 지형도면 고시,생태공원과,2026-08-19,,67,155739,https://www.suwon.go.kr/web/saeallOfr/BD_ofrView.do?notAncmtMgtNo=155739,http://www.suwon.go.kr/web/saeallOfr/BD_ofrView.do?notAncmtMgtNo=155739,2026-08-19,10,,,0,,,False,rejected,not_keyword_candidate,
5753,수원시 고시 제2026-357호,수원도시계획시설[제9호(효원/예술공원) 근린공원] 주차장 환경개선 사업‘사업시행자 지정 및 실시계획인가’고시,생태공원과,2026-08-19,,67,155734,https://www.suwon.go.kr/web/saeallOfr/BD_ofrView.do?notAncmtMgtNo=155734,http://www.suwon.go.kr/web/saeallOfr/BD_ofrView.do?notAncmtMgtNo=155734,2026-08-19,10,,"도시계획,실시계획",-2,,인가,False,rejected,blacklist:인가,
5752,수원시 고시 제2026-356호,팔달1구역 재건축정비사업 사업시행계획(변경)인가 정정고시,도시정비과,2026-08-19,,85,155718,https://www.suwon.go.kr/web/saeallOfr/BD_ofrView.do?notAncmtMgtNo=155718,http://www.suwon.go.kr/web/saeallOfr/BD_ofrView.do?notAncmtMgtNo=155718,2026-08-19,10,,,0,,인가,False,rejected,blacklist:인가,
5751,수원시 권선구 권선1동 공고 제2026-81호,2026년 권선1동 주민자치센터 특성화 프로그램 수강생 모집 공고,권선1동,2026-08-18,2026-08-19 ~ 2026-09-14,25,155776,https://www.suwon.go.kr/web/saeallOfr/BD_ofrView.do?notAncmtMgtNo=155776,http://www.suwon.go.kr/web/saeallOfr/BD_ofrView.do?notAncmtMgtNo=155776,2026-08-18,10,"모집,프로그램,수강",,3,,,True,candidate,,course_local
5750,수원시 고시 제2026-358호,113-6구역 주택재개발정비사업 건축물 공사 완료 고시,도시정비과,2026-08-18,,157,155735,https://www.suwon.go.kr/web/saeallOfr/BD_ofrView.do?notAncmtMgtNo=155735,http://www.suwon.go.kr/web/saeallOfr/BD_ofrView.do?notAncmtMgtNo=155735,2026-08-18,10,,,0,,정비사업,False,rejected,blacklist:정비사업,
5749,수원시 고시 제2026-352호,수원도시계획시설(대로3-70호선 등 7개 시설) 결정(실효) 및 지형도면 고시,도시계획과,2026-08-14,,80,155669,https://www.suwon.go.kr/web/saeallOfr/BD_ofrView.do?notAncmtMgtNo=155669,http://www.suwon.go.kr/web/saeallOfr/BD_ofrView.do?notAncmtMgtNo=155669,2026-08-14,10,,도시계획,-1,,,False,rejected,not_keyword_candidate,
5748,수원시 고시 제2026-349호,수원 도시계획시설(도로: 대로3-36호선 등 4개 노선) 실시계획(변경)인가 고시,지구단위계획과,2026-08-14,,43,155575,https://www.suwon.go.kr/web/saeallOfr/BD_ofrView.do?notAncmtMgtNo=155575,http://www.suwon.go.kr/web/saeallOfr/BD_ofrView.do?notAncmtMgtNo=155575,2026-08-14,10,,"도시계획,실시계획",-2,,인가,False,rejected,blacklist:인가,
5747,수원시 고시 제2026-348호,수원 도시계획시설[제118호 근린공원] 조성 사업 실시계획(변경) 인가 고시,생태공원과,2026-08-14,,35,155569,https://www.suwon.go.kr/web/saeallOfr/BD_ofrView.do?notAncmtMgtNo=155569,http://www.suwon.go.kr/web/saeallOfr/BD_ofrView.do?notAncmtMgtNo=155569,2026-08-14,10,,"도시계획,실시계획",-2,,인가,False,rejected,blacklist:인가,
5746,수원시 고시 제2026-347호,수원 도시계획시설[제118호 근린공원 조성계획] 결정(변경) 및 지형도면 고시,생태공원과,2026-08-14,,27,155567,https://www.suwon.go.kr/web/saeallOfr/BD_ofrView.do?notAncmtMgtNo=155567,http://www.suwon.go.kr/web/saeallOfr/BD_ofrView.do?notAncmtMgtNo=155567,2026-08-14,10,,도시계획,-1,,,False,rejected,not_keyword_candidate,
5745,수원시 권선구 공고 제2026-666호,「도로법」 위반 불법 노상 적치물 보관 및 내역 공고,안전건설과,2026-08-13,2026-08-13 ~ 2026-09-14,82,155709,https://www.suwon.go.kr/web/saeallOfr/BD_ofrView.do?notAncmtMgtNo=155709,http://www.suwon.go.kr/web/saeallOfr/BD_ofrView.do?notAncmtMgtNo=155709,2026-08-13,10,,,0,,,False,rejected,not_keyword_candidate,
5744,수원시 고시 제2026-350호,권선113-6구역 주택재개발정비사업 관리처분계획(변경)인가 고시,도시정비과,2026-08-13,,203,155610,https://www.suwon.go.kr/web/saeallOfr/BD_ofrView.do?notAncmtMgtNo=155610,http://www.suwon.go.kr/web/saeallOfr/BD_ofrView.do?notAncmtMgtNo=155610,2026-08-13,10,,,0,,인가,False,rejected,blacklist:인가,
5743,수원시 고시 제2026-346호,매교가구역 재개발사업 조합설립추진위원회 승인 고시,도시정비과,2026-08-13,,100,155544,https://www.suwon.go.kr/web/saeallOfr/BD_ofrView.do?notAncmtMgtNo=155544,http://www.suwon.go.kr/web/saeallOfr/BD_ofrView.do?notAncmtMgtNo=155544,2026-08-13,10,,,0,,위원,False,rejected,blacklist:위원,
5742,수원시 공고 제2026-1836호,2026 수원시 규제혁신 아이디어 공모 최종결과,법무담당관,2026-08-12,2026-08-12 ~ 2026-09-30,103,155638,https://www.suwon.go.kr/web/saeallOfr/BD_ofrView.do?notAncmtMgtNo=155638,http://www.suwon.go.kr/web/saeallOfr/BD_ofrView.do?notAncmtMgtNo=155638,2026-08-12,10,공모,,1,,최종결과,True,rejected,blacklist:최종결과,
5741,수원시 고시 제2026-345호,팔달1구역 재건축정비사업 사업시행계획(변경)인가 고시,도시정비과,2026-08-12,,253,155510,https://www.suwon.go.kr/web/saeallOfr/BD_ofrView.do?notAncmtMgtNo=155510,http://www.suwon.go.kr/web/saeallOfr/BD_ofrView.do?notAncmtMgtNo=155510,2026-08-12,10,,,0,,인가,False,rejected,blacklist:인가,
5740,수원시 공고 제2026-1830호,2026년 수원시 하반기  중소기업 고용창출 보조금 지원사업 공고,노동일자리정책과,2026-08-11,2026-08-12 ~ 2026-12-31,155,155614,https://www.suwon.go.kr/web/saeallOfr/BD_ofrView.do?notAncmtMgtNo=155614,http://www.suwon.go.kr/web/saeallOfr/BD_ofrView.do?notAncmtMgtNo=155614,2026-08-11,10,지원사업,,1,,,True,candidate,,support_apply
5739,수원시 장안구 영화동 공고 제2026-61호,영화동 주민자치센터 특성화 프로그램 수강생 모집 안내,영화동,2026-08-11,2026-08-11 ~ 2026-09-23,137,155602,https://www.suwon.go.kr/web/saeallOfr/BD_ofrView.do?notAncmtMgtNo=155602,http://www.suwon.go.kr/web/saeallOfr/BD_ofrView.do?notAncmtMgtNo=155602,2026-08-11,10,"모집,프로그램,수강",,3,,,True,candidate,,course_local
5738,수원시 공고 제2026-1804호,전문건설업 영업정지 집행정지 공고,건설정책과,2026-08-10,2026-08-10 ~ 2027-09-30,61,155528,https://www.suwon.go.kr/web/saeallOfr/BD_ofrView.do?notAncmtMgtNo=155528,http://www.suwon.go.kr/web/saeallOfr/BD_ofrView.do?notAncmtMgtNo=155528,2026-08-10,10,,,0,,,False,rejected,not_keyword_candidate,
5737,수원시 권선구 고시 제2026-10호,지적측량기준점 성과 고시,토지관리과,2026-08-10,,34,155455,https://www.suwon.go.kr/web/saeallOfr/BD_ofrView.do?notAncmtMgtNo=155455,http://www.suwon.go.kr/web/saeallOfr/BD_ofrView.do?notAncmtMgtNo=155455,2026-08-10,10,,,0,,,False,rejected,not_keyword_candidate,
5736,수원시 공고 제2026-1779호,2026년 수원형 소규모주택정비 관리지역(새빛타운) 후보지 공모 공고,도시정비과,2026-08-10,2026-08-10 ~ 2026-12-31,188,155437,https://www.suwon.go.kr/web/saeallOfr/BD_ofrView.do?notAncmtMgtNo=155437,http://www.suwon.go.kr/web/saeallOfr/BD_ofrView.do?notAncmtMgtNo=155437,2026-08-10,10,공모,,1,,정비 관리,True,rejected,blacklist:정비 관리,
5735,수원시 고시 제2026-342호,115-3구역 주택재개발정비사업 사업시행계획 변경(경미한사항) 고시(수정) 게재,도시정비과,2026-08-10,,82,155423,https://www.suwon.go.kr/web/saeallOfr/BD_ofrView.do?notAncmtMgtNo=155423,http://www.suwon.go.kr/web/saeallOfr/BD_ofrView.do?notAncmtMgtNo=155423,2026-08-10,10,,,0,,정비사업,False,rejected,blacklist:정비사업,
5734,수원시 공고 제2026-1796호,측정대행업 등록말소 공고,환경정책과,2026-08-07,2026-08-07 ~ 2026-11-07,58,155491,https://www.suwon.go.kr/web/saeallOfr/BD_ofrView.do?notAncmtMgtNo=155491,http://www.suwon.go.kr/web/saeallOfr/BD_ofrView.do?notAncmtMgtNo=155491,2026-08-07,10,,,0,,,False,rejected,not_keyword_candidate,
5733,수원시 고시 제2026-341호,"수원 도시계획시설 (도로:소로1-292호선, 소로2-691호선) 사업 실시계획(변경)인가 고시",지구단위계획과,2026-08-07,,57,155400,https://www.suwon.go.kr/web/saeallOfr/BD_ofrView.do?notAncmtMgtNo=155400,http://www.suwon.go.kr/web/saeallOfr/BD_ofrView.do?notAncmtMgtNo=155400,2026-08-07,11,,"도시계획,실시계획",-2,,인가,False,rejected,blacklist:인가,
5732,수원시 고시 제2026-340호,수원도시계획시설 '제1호(황구지천) 수변공원' 조성사업[수원당수2 공공주택지구 훼손지복구사업] 사업시행자 지정 및 실시계획인가 고시,생태공원과,2026-08-07,,124,155379,https://www.suwon.go.kr/web/saeallOfr/BD_ofrView.do?notAncmtMgtNo=155379,http://www.suwon.go.kr/web/saeallOfr/BD_ofrView.do?notAncmtMgtNo=155379,2026-08-07,11,,"도시계획,실시계획",-2,,인가,False,rejected,blacklist:인가,
5731,수원시 고시 제2026-339호,수원 도시관리계획[제1호(황구지천) 수변공원 조성계획] 결정(변경) 및 지형도면 고시,생태공원과,2026-08-07,,90,155378,https://www.suwon.go.kr/web/saeallOfr/BD_ofrView.do?notAncmtMgtNo=155378,http://www.suwon.go.kr/web/saeallOfr/BD_ofrView.do?notAncmtMgtNo=155378,2026-08-07,11,,,0,,,False,rejected,not_keyword_candidate,
5730,수원시 팔달구 고등동 공고 제2026-53호,2026년 고등동 평생학습센터 「디지털 문해교실」프로그램 수강생 모집 공고,고등동,2026-08-06,2026-08-06 ~ 2026-09-30,82,155387,https://www.suwon.go.kr/web/saeallOfr/BD_ofrView.do?notAncmtMgtNo=155387,http://www.suwon.go.kr/web/saeallOfr/BD_ofrView.do?notAncmtMgtNo=155387,2026-08-06,11,"모집,프로그램,수강",,3,,,True,candidate,,course_local
5729,수원시 고시 제2026-338호,수원 도시계획시설[제3호(원천리천) 수변공원] 조성사업 사업시행자 지정 및 실시계획인가 고시,생태공원과,2026-08-05,,79,155364,https://www.suwon.go.kr/web/saeallOfr/BD_ofrView.do?notAncmtMgtNo=155364,http://www.suwon.go.kr/web/saeallOfr/BD_ofrView.do?notAncmtMgtNo=155364,2026-08-05,11,,"도시계획,실시계획",-2,,인가,False,rejected,blacklist:인가,
5728,수원시 고시 제2026-337호,수원 도시관리계획[제3호(원천리천) 수변공원 조성계획] 결정(변경) 및 지형도면 고시,생태공원과,2026-08-05,,66,155363,https://www.suwon.go.kr/web/saeallOfr/BD_ofrView.do?notAncmtMgtNo=155363,http://www.suwon.go.kr/web/saeallOfr/BD_ofrView.do?notAncmtMgtNo=155363,2026-08-05,11,,,0,,,False,rejected,not_keyword_candidate,
5727,수원시 고시 제2026-336호,수원 도시계획시설[제2호(서호천) 수변공원] 조성사업 사업시행자 지정 및 실시계획인가 고시,생태공원과,2026-08-05,,68,155362,https://www.suwon.go.kr/web/saeallOfr/BD_ofrView.do?notAncmtMgtNo=155362,http://www.suwon.go.kr/web/saeallOfr/BD_ofrView.do?notAncmtMgtNo=155362,2026-08-05,11,,"도시계획,실시계획",-2,,인가,False,rejected,blacklist:인가,
5726,수원시 고시 제2026-335호,수원 도시관리계획[제2호(서호천) 수변공원 조성계획] 결정(변경) 및 지형도면 고시,생태공원과,2026-08-05,,39,155361,https://www.suwon.go.kr/web/saeallOfr/BD_ofrView.do?notAncmtMgtNo=155361,http://www.suwon.go.kr/web/saeallOfr/BD_ofrView.do?notAncmtMgtNo=155361,2026-08-05,11,,,0,,,False,rejected,not_keyword_candidate,
5725,수원시 고시 제2026-334호,수원 도시계획시설[제1호(황구지천) 수변공원] 조성사업 사업시행자 지정 및 실시계획인가 고시,생태공원과,2026-08-05,,102,155360,https://www.suwon.go.kr/web/saeallOfr/BD_ofrView.do?notAncmtMgtNo=155360,http://www.suwon.go.kr/web/saeallOfr/BD_ofrView.do?notAncmtMgtNo=155360,2026-08-05,11,,"도시계획,실시계획",-2,,인가,False,rejected,blacklist:인가,
5724,수원시 고시 제2026-333호,수원 도시관리계획[제1호(황구지천) 수변공원 조성계획] 결정(변경) 및 지형도면 고시,생태공원과,2026-08-05,,84,155359,https://www.suwon.go.kr/web/saeallOfr/BD_ofrView.do?notAncmtMgtNo=155359,http://www.suwon.go.kr/web/saeallOfr/BD_ofrView.do?notAncmtMgtNo=155359,2026-08-05,11,,,0,,,False,rejected,not_keyword_candidate,
5723,수원시 고시 제2026-323호,"수원도시관리계획(제4호하천, 제15호하천) 결정(경미한 변경) 및 지형도면 고시",도시계획과,2026-08-03,,39,155226,https://www.suwon.go.kr/web/saeallOfr/BD_ofrView.do?notAncmtMgtNo=155226,http://www.suwon.go.kr/web/saeallOfr/BD_ofrView.do?notAncmtMgtNo=155226,2026-08-03,11,,,0,,,False,rejected,not_keyword_candidate,
5722,수원시 고시 제2026-320호,서둔가구역 재개발사업 조합설립추진위원회 승인 고시,도시정비과,2026-08-03,,114,155201,https://www.suwon.go.kr/web/saeallOfr/BD_ofrView.do?notAncmtMgtNo=155201,http://www.suwon.go.kr/web/saeallOfr/BD_ofrView.do?notAncmtMgtNo=155201,2026-08-03,11,,,0,,위원,False,rejected,blacklist:위원,
5721,수원시 고시 제2026-319호,"수원 도시계획시설(도로: 소로1-363호선, 제8호 폐기물처리 및 재활용시설: 쓰레기적환장) 실시계획(변경)인가 고시",도시계획과,2026-08-03,,45,155166,https://www.suwon.go.kr/web/saeallOfr/BD_ofrView.do?notAncmtMgtNo=155166,http://www.suwon.go.kr/web/saeallOfr/BD_ofrView.do?notAncmtMgtNo=155166,2026-08-03,11,,"도시계획,실시계획",-2,,인가,False,rejected,blacklist:인가,
5720,수원시 고시 제2026-326호,"수원 도시계획시설[제16호(다온숲) 문화공원, 제117호(고색창연) 근린공원] 조성 사업 실시계획(변경)인가 고시",생태공원과,2026-07-31,,72,155238,https://www.suwon.go.kr/web/saeallOfr/BD_ofrView.do?notAncmtMgtNo=155238,http://www.suwon.go.kr/web/saeallOfr/BD_ofrView.do?notAncmtMgtNo=155238,2026-07-31,11,,"도시계획,실시계획",-2,,인가,False,rejected,blacklist:인가,
5719,수원시 고시 제2026-325호,수원 도시관리계획[제117호(고색창연) 근린공원 조성계획] 결정(변경) 및 지형도면 고시,생태공원과,2026-07-31,,59,155236,https://www.suwon.go.kr/web/saeallOfr/BD_ofrView.do?notAncmtMgtNo=155236,http://www.suwon.go.kr/web/saeallOfr/BD_ofrView.do?notAncmtMgtNo=155236,2026-07-31,11,,,0,,,False,rejected,not_keyword_candidate,
5718,수원시 고시 제2026-324호,수원 도시관리계획[제16호(다온숲) 문화공원 조성계획)] 결정(변경) 및 지형도면 고시,생태공원과,2026-07-31,,62,155231,https://www.suwon.go.kr/web/saeallOfr/BD_ofrView.do?notAncmtMgtNo=155231,http://www.suwon.go.kr/web/saeallOfr/BD_ofrView.do?notAncmtMgtNo=155231,2026-07-31,11,,,0,,,False,rejected,not_keyword_candidate,
5717,수원시 고시 제2026-322호,수원 도시계획시설(도로: 대로1-13호선 등 8개 노선) 사업시행자 지정(변경) 및 실시계획(변경)인가 고시,지구단위계획과,2026-07-31,,67,155216,https://www.suwon.go.kr/web/saeallOfr/BD_ofrView.do?notAncmtMgtNo=155216,http://www.suwon.go.kr/web/saeallOfr/BD_ofrView.do?notAncmtMgtNo=155216,2026-07-31,11,,"도시계획,실시계획",-2,,인가,False,rejected,blacklist:인가,
5716,수원시 공고 제2026-1722호,"2026년 하반기 수원시 전기자동차(승용, 화물, 승합) 보급사업 공고",기후에너지과,2026-07-30,2026-07-30 ~ 2026-11-30,831,155190,https://www.suwon.go.kr/web/saeallOfr/BD_ofrView.do?notAncmtMgtNo=155190,http://www.suwon.go.kr/web/saeallOfr/BD_ofrView.do?notAncmtMgtNo=155190,2026-07-30,11,,,0,,,False,rejected,not_keyword_candidate,
5715,수원시 고시 제2026-318호,경일아파트 일원 가로주택정비사업 사업시행계획인가[관리처분계획 포함] 고시,도시정비과,2026-07-29,,222,155164,https://www.suwon.go.kr/web/saeallOfr/BD_ofrView.do?notAncmtMgtNo=155164,http://www.suwon.go.kr/web/saeallOfr/BD_ofrView.do?notAncmtMgtNo=155164,2026-07-29,11,,,0,,인가,False,rejected,blacklist:인가,
5714,수원시 공고 제2026-1713호,경기주택공사(GH) 「2026년 기존주택 전세임대 입주자 상시모집」공고,도시재생과,2026-07-29,2026-07-29 ~ 2026-12-31,62,155143,https://www.suwon.go.kr/web/saeallOfr/BD_ofrView.do?notAncmtMgtNo=155143,http://www.suwon.go.kr/web/saeallOfr/BD_ofrView.do?notAncmtMgtNo=155143,2026-07-29,11,모집,,1,,,True,candidate,,experience_apply
5713,수원시 고시 제2026-315호,수원도시계획시설[제10호(청소년문화공원) 근린공원]  조성 사업‘사업시행자 지정 및 실시계획인가’ 고시,생태공원과,2026-07-28,,155,155091,https://www.suwon.go.kr/web/saeallOfr/BD_ofrView.do?notAncmtMgtNo=155091,http://www.suwon.go.kr/web/saeallOfr/BD_ofrView.do?notAncmtMgtNo=155091,2026-07-28,11,,"도시계획,실시계획",-2,,인가,False,rejected,blacklist:인가,
5712,수원시 고시 제2026-313호,수원 도시계획시설[제89호 소공원] 조성 사업 실시계획(변경) 인가 고시,생태공원과,2026-07-28,,106,155086,https://www.suwon.go.kr/web/saeallOfr/BD_ofrView.do?notAncmtMgtNo=155086,http://www.suwon.go.kr/web/saeallOfr/BD_ofrView.do?notAncmtMgtNo=155086,2026-07-28,11,,"도시계획,실시계획",-2,,인가,False,rejected,blacklist:인가,
5711,수원시 고시 제2026-314호,수원 도시계획시설[제10호(청소년문화) 근린공원 조성계획] 결정(변경) 및 지형도면 고시,생태공원과,2026-07-27,,139,155090,https://www.suwon.go.kr/web/saeallOfr/BD_ofrView.do?notAncmtMgtNo=155090,http://www.suwon.go.kr/web/saeallOfr/BD_ofrView.do?notAncmtMgtNo=155090,2026-07-27,11,,도시계획,-1,,,False,rejected,not_keyword_candidate,
5710,수원시 고시 제2026-312호,수원 도시계획시설[제89호 소공원 조성계획] 결정(변경) 및 지형도면 고시,생태공원과,2026-07-27,,138,155084,https://www.suwon.go.kr/web/saeallOfr/BD_ofrView.do?notAncmtMgtNo=155084,http://www.suwon.go.kr/web/saeallOfr/BD_ofrView.do?notAncmtMgtNo=155084,2026-07-27,11,,도시계획,-1,,,False,rejected,not_keyword_candidate,
5709,수원시 고시 제2026-311호,수원 도시계획시설(제2호 폐기물처리시설) 사업시행자 지정 및 실시계획인가 고시,지구단위계획과,2026-07-27,,129,155063,https://www.suwon.go.kr/web/saeallOfr/BD_ofrView.do?notAncmtMgtNo=155063,http://www.suwon.go.kr/web/saeallOfr/BD_ofrView.do?notAncmtMgtNo=155063,2026-07-27,11,,"도시계획,실시계획",-2,,인가,False,rejected,blacklist:인가,
5708,수원시 공고 제2026-1699호,전문건설업 행정처분(영업정지) 사항 공고,건설정책과,2026-07-24,2026-07-24 ~ 2029-12-20,111,155078,https://www.suwon.go.kr/web/saeallOfr/BD_ofrView.do?notAncmtMgtNo=155078,http://www.suwon.go.kr/web/saeallOfr/BD_ofrView.do?notAncmtMgtNo=155078,2026-07-24,11,,,0,,,False,rejected,not_keyword_candidate,
5707,수원시 고시 제2026-310호,수원 도시관리계획(고색2 지구단위계획) 결정(변경) 및 지형도면 고시,지구단위계획과,2026-07-24,,221,155054,https://www.suwon.go.kr/web/saeallOfr/BD_ofrView.do?notAncmtMgtNo=155054,http://www.suwon.go.kr/web/saeallOfr/BD_ofrView.do?notAncmtMgtNo=155054,2026-07-24,11,,,0,,,False,rejected,not_keyword_candidate,
5706,수원시 공고 제2026-1695호,2026년 IoT(사물인터넷) 설치 지원사업 2차 수정 공고,환경정책과,2026-07-22,2026-07-22 ~ 2026-09-30,141,155059,https://www.suwon.go.kr/web/saeallOfr/BD_ofrView.do?notAncmtMgtNo=155059,http://www.suwon.go.kr/web/saeallOfr/BD_ofrView.do?notAncmtMgtNo=155059,2026-07-22,11,지원사업,,1,,,True,candidate,,support_apply
5705,수원시 공고 제2026-1675호,수원 도시계획시설(제26호 문화시설) 공사완료 공고,문화유산복원과,2026-07-22,,94,154935,https://www.suwon.go.kr/web/saeallOfr/BD_ofrView.do?notAncmtMgtNo=154935,http://www.suwon.go.kr/web/saeallOfr/BD_ofrView.do?notAncmtMgtNo=154935,2026-07-22,11,,도시계획,-1,,,False,rejected,not_keyword_candidate,
5704,수원시 고시 제2026-307호,수원 도시계획시설(제121호(단오) 어린이공원) 리모델링 사업 실시계획(변경)인가 고시,생태공원과,2026-07-22,,111,154933,https://www.suwon.go.kr/web/saeallOfr/BD_ofrView.do?notAncmtMgtNo=154933,http://www.suwon.go.kr/web/saeallOfr/BD_ofrView.do?notAncmtMgtNo=154933,2026-07-22,11,,"도시계획,실시계획",-2,,인가,False,rejected,blacklist:인가,
5703,수원시 고시 제2026-305호,조원나구역 재개발사업 조합설립추진위원회 승인 고시 건의,도시정비과,2026-07-20,,228,154856,https://www.suwon.go.kr/web/saeallOfr/BD_ofrView.do?notAncmtMgtNo=154856,http://www.suwon.go.kr/web/saeallOfr/BD_ofrView.do?notAncmtMgtNo=154856,2026-07-20,11,,,0,,위원,False,rejected,blacklist:위원,
5702,수원시 고시 제2026-304호,수원 도시관리계획(영통 지구단위계획) 결정(변경) 및 지형도면 고시,지구단위계획과,2026-07-20,,233,154807,https://www.suwon.go.kr/web/saeallOfr/BD_ofrView.do?notAncmtMgtNo=154807,http://www.suwon.go.kr/web/saeallOfr/BD_ofrView.do?notAncmtMgtNo=154807,2026-07-20,11,,,0,,,False,rejected,not_keyword_candidate,
5701,수원시 공고 제2026-1631호,수원시 연화장 내 설치기간이 종료된 유골의 이동조치 공고(1차),위생정책과,2026-07-20,2026-07-20 ~ 2026-10-20,93,154663,https://www.suwon.go.kr/web/saeallOfr/BD_ofrView.do?notAncmtMgtNo=154663,http://www.suwon.go.kr/web/saeallOfr/BD_ofrView.do?notAncmtMgtNo=154663,2026-07-20,11,,,0,,,False,rejected,not_keyword_candidate,
5700,수원시 고시 제2026-296호,수원도시관리계획(소로1-141호선 등 7개시설) 결정(경미한 변경) 및 지형도면 고시,도시계획과,2026-07-20,,105,154588,https://www.suwon.go.kr/web/saeallOfr/BD_ofrView.do?notAncmtMgtNo=154588,http://www.suwon.go.kr/web/saeallOfr/BD_ofrView.do?notAncmtMgtNo=154588,2026-07-20,11,,,0,,,False,rejected,not_keyword_candidate,
5699,수원시 고시 제2026-301호,수원도시계획시설[제6호(일월호수) 근린공원] 생활체육시설 조성 사업‘사업시행자 지정 및 실시계획인가’고시,생태공원과,2026-07-16,,98,154739,https://www.suwon.go.kr/web/saeallOfr/BD_ofrView.do?notAncmtMgtNo=154739,http://www.suwon.go.kr/web/saeallOfr/BD_ofrView.do?notAncmtMgtNo=154739,2026-07-16,11,,"도시계획,실시계획",-2,,인가,False,rejected,blacklist:인가,
5698,수원시 고시 제2026-300호,수원 도시관리계획[제6호(일월호수) 근린공원] 공원조성계획 결정(변경) 및 지형도면 고시,생태공원과,2026-07-15,,140,154726,https://www.suwon.go.kr/web/saeallOfr/BD_ofrView.do?notAncmtMgtNo=154726,http://www.suwon.go.kr/web/saeallOfr/BD_ofrView.do?notAncmtMgtNo=154726,2026-07-15,11,,,0,,,False,rejected,not_keyword_candidate,
5697,수원시 고시 제2026-299호,지적재조사지구 경미한 변경 고시,토지정보과,2026-07-15,,141,154718,https://www.suwon.go.kr/web/saeallOfr/BD_ofrView.do?notAncmtMgtNo=154718,http://www.suwon.go.kr/web/saeallOfr/BD_ofrView.do?notAncmtMgtNo=154718,2026-07-15,11,,,0,,,False,rejected,not_keyword_candidate,
5696,수원시 고시 제2026-298호,수원 도시계획시설(제209호 주차장) 사업시행자 지정 및 실시계획인가 고시,지구단위계획과,2026-07-15,,169,154691,https://www.suwon.go.kr/web/saeallOfr/BD_ofrView.do?notAncmtMgtNo=154691,http://www.suwon.go.kr/web/saeallOfr/BD_ofrView.do?notAncmtMgtNo=154691,2026-07-15,11,,"도시계획,실시계획",-2,,인가,False,rejected,blacklist:인가,
5695,수원시 고시 제2026-297호,수원 도시계획시설(도로: 소로2-896호선) 실시계획(변경)인가 고시,도시계획과,2026-07-15,,144,154683,https://www.suwon.go.kr/web/saeallOfr/BD_ofrView.do?notAncmtMgtNo=154683,http://www.suwon.go.kr/web/saeallOfr/BD_ofrView.do?notAncmtMgtNo=154683,2026-07-15,11,,"도시계획,실시계획",-2,,인가,False,rejected,blacklist:인가,
5694,수원시 공고 제2026-1612호,전문건설업 행정처분(영업정지) 공고,건설정책과,2026-07-10,2026-07-10 ~ 2030-01-10,110,154593,https://www.suwon.go.kr/web/saeallOfr/BD_ofrView.do?notAncmtMgtNo=154593,http://www.suwon.go.kr/web/saeallOfr/BD_ofrView.do?notAncmtMgtNo=154593,2026-07-10,11,,,0,,,False,rejected,not_keyword_candidate,
5693,수원시 공고 제2026-1599호,수원 도시계획시설(도로:중로1-126호선 등 3개 노선) 공사완료 공고,지구단위계획과,2026-07-10,,169,154549,https://www.suwon.go.kr/web/saeallOfr/BD_ofrView.do?notAncmtMgtNo=154549,http://www.suwon.go.kr/web/saeallOfr/BD_ofrView.do?notAncmtMgtNo=154549,2026-07-10,11,,도시계획,-1,,,False,rejected,not_keyword_candidate,
5692,수원시 고시 제2026-292호,수원도시계획시설[제29호(영통사) 근린공원] 리모델링 사업 실시계획(변경)인가 고시,생태공원과,2026-07-10,,176,154484,https://www.suwon.go.kr/web/saeallOfr/BD_ofrView.do?notAncmtMgtNo=154484,http://www.suwon.go.kr/web/saeallOfr/BD_ofrView.do?notAncmtMgtNo=154484,2026-07-10,11,,"도시계획,실시계획",-2,,인가,False,rejected,blacklist:인가,
5691,수원시 공고 제2026-1587호,수원 도시계획시설(제95호 주차장) 공사완료 공고,문화유산복원과,2026-07-10,,165,154469,https://www.suwon.go.kr/web/saeallOfr/BD_ofrView.do?notAncmtMgtNo=154469,http://www.suwon.go.kr/web/saeallOfr/BD_ofrView.do?notAncmtMgtNo=154469,2026-07-10,11,,도시계획,-1,,,False,rejected,not_keyword_candidate,
5690,수원시 고시 제2026-293호,"수원 도시계획시설(제16호 문화공원, 제117호 근린공원) 조성사업 실시계획(변경)인가 고시",생태공원과,2026-07-09,,118,154486,https://www.suwon.go.kr/web/saeallOfr/BD_ofrView.do?notAncmtMgtNo=154486,http://www.suwon.go.kr/web/saeallOfr/BD_ofrView.do?notAncmtMgtNo=154486,2026-07-09,11,,"도시계획,실시계획",-2,,인가,False,rejected,blacklist:인가,
5689,수원시 고시 제2026-291호,수원 도시관리계획[제29호(영통사) 근린공원] 공원조성계획 결정(변경) 및 지형도면 고시,생태공원과,2026-07-09,,84,154472,https://www.suwon.go.kr/web/saeallOfr/BD_ofrView.do?notAncmtMgtNo=154472,http://www.suwon.go.kr/web/saeallOfr/BD_ofrView.do?notAncmtMgtNo=154472,2026-07-09,11,,,0,,,False,rejected,not_keyword_candidate,
5688,수원시 고시 제2026-290호,수원도시계획시설[제109호(사랑) 어린이공원] 리모델링 사업 ‘사업시행자 지정 및 실시계획인가’고시,생태공원과,2026-07-09,,85,154448,https://www.suwon.go.kr/web/saeallOfr/BD_ofrView.do?notAncmtMgtNo=154448,http://www.suwon.go.kr/web/saeallOfr/BD_ofrView.do?notAncmtMgtNo=154448,2026-07-09,11,,"도시계획,실시계획",-2,,인가,False,rejected,blacklist:인가,
5687,수원시 공고 제2026-1582호,수원시 소나무류 반출금지구역 추가 지정 공고,녹지경관과,2026-07-09,,72,154420,https://www.suwon.go.kr/web/saeallOfr/BD_ofrView.do?notAncmtMgtNo=154420,http://www.suwon.go.kr/web/saeallOfr/BD_ofrView.do?notAncmtMgtNo=154420,2026-07-09,11,,,0,,,False,rejected,not_keyword_candidate,
5686,수원시 고시 제2026-289호,수원 도시관리계획[제109호(사랑) 어린이공원] 공원조성계획 결정(변경) 및 지형도면 고시,생태공원과,2026-07-08,,90,154446,https://www.suwon.go.kr/web/saeallOfr/BD_ofrView.do?notAncmtMgtNo=154446,http://www.suwon.go.kr/web/saeallOfr/BD_ofrView.do?notAncmtMgtNo=154446,2026-07-08,11,,,0,,,False,rejected,not_keyword_candidate,
5685,수원시 공고 제2026-1584호,수원 도시계획시설(도로: 소로3-1288호선) 공사완료 공고,도시계획과,2026-07-08,,77,154425,https://www.suwon.go.kr/web/saeallOfr/BD_ofrView.do?notAncmtMgtNo=154425,http://www.suwon.go.kr/web/saeallOfr/BD_ofrView.do?notAncmtMgtNo=154425,2026-07-08,11,,도시계획,-1,,,False,rejected,not_keyword_candidate,
5684,수원시 고시 제2026-286호,수원 도시계획시설(제102호 공공청사) 사업시행자 지정 및 실시계획인가 고시,지구단위계획과,2026-07-08,,114,154398,https://www.suwon.go.kr/web/saeallOfr/BD_ofrView.do?notAncmtMgtNo=154398,http://www.suwon.go.kr/web/saeallOfr/BD_ofrView.do?notAncmtMgtNo=154398,2026-07-08,11,,"도시계획,실시계획",-2,,인가,False,rejected,blacklist:인가,
5683,수원시 고시 제2026-284호,수원 도시계획시설(도로: 대로1-35호선 등 4개 노선) 실시계획(변경)인가 고시,도시계획과,2026-07-08,,122,154387,https://www.suwon.go.kr/web/saeallOfr/BD_ofrView.do?notAncmtMgtNo=154387,http://www.suwon.go.kr/web/saeallOfr/BD_ofrView.do?notAncmtMgtNo=154387,2026-07-08,12,,"도시계획,실시계획",-2,,인가,False,rejected,blacklist:인가,
5682,수원시 고시 제2026-282호,수원 도시관리계획(광교 지구단위계획) 결정(변경) 및 지형도면 고시,지구단위계획과,2026-07-08,,177,154366,https://www.suwon.go.kr/web/saeallOfr/BD_ofrView.do?notAncmtMgtNo=154366,http://www.suwon.go.kr/web/saeallOfr/BD_ofrView.do?notAncmtMgtNo=154366,2026-07-08,12,,,0,,,False,rejected,not_keyword_candidate,
5681,수원시 고시 제2026-285호,권선113-6구역 주택재개발 정비사업 정비계획 변경 및 지형도면 변경(경미한 사항) 고시,도시정비과,2026-07-07,,272,154397,https://www.suwon.go.kr/web/saeallOfr/BD_ofrView.do?notAncmtMgtNo=154397,http://www.suwon.go.kr/web/saeallOfr/BD_ofrView.do?notAncmtMgtNo=154397,2026-07-07,12,,,0,,정비사업,False,rejected,blacklist:정비사업,
5680,수원시 고시 제2026-269호,수원 도시계획시설(제109호 공공청사: 파출소) 사업시행자 지정 및 실시계획인가 고시,도시계획과,2026-07-06,,99,154195,https://www.suwon.go.kr/web/saeallOfr/BD_ofrView.do?notAncmtMgtNo=154195,http://www.suwon.go.kr/web/saeallOfr/BD_ofrView.do?notAncmtMgtNo=154195,2026-07-06,12,,"도시계획,실시계획",-2,,인가,False,rejected,blacklist:인가,
5679,수원시 공고 제2026-1556호,전문건설업 행정처분(영업정지) 사항 공고,건설정책과,2026-07-03,2026-07-03 ~ 2029-11-16,59,154292,https://www.suwon.go.kr/web/saeallOfr/BD_ofrView.do?notAncmtMgtNo=154292,http://www.suwon.go.kr/web/saeallOfr/BD_ofrView.do?notAncmtMgtNo=154292,2026-07-03,12,,,0,,,False,rejected,not_keyword_candidate,
5678,수원시 팔달구 고등동 공고 제2026-41호,2026년 고등동 주민자치센터 관학연계 프로그램 수강생 모집 공고,고등동,2026-07-02,2026-07-02 ~ 2026-09-22,260,154305,https://www.suwon.go.kr/web/saeallOfr/BD_ofrView.do?notAncmtMgtNo=154305,http://www.suwon.go.kr/web/saeallOfr/BD_ofrView.do?notAncmtMgtNo=154305,2026-07-02,12,"모집,프로그램,수강",,3,,,True,candidate,,course_local
5677,수원시 공고 제2026-1553호,수원도시계획시설[제42호(미래) 어린이공원] 재정비 사업 공사 완료 공고,생태공원과,2026-07-02,,77,154276,https://www.suwon.go.kr/web/saeallOfr/BD_ofrView.do?notAncmtMgtNo=154276,http://www.suwon.go.kr/web/saeallOfr/BD_ofrView.do?notAncmtMgtNo=154276,2026-07-02,12,,도시계획,-1,,,False,rejected,not_keyword_candidate,
5676,수원시 공고 제2026-1552호,수원도시계획시설[제4호(만석) 근린공원] 물놀이마당 조성사업 공사 완료 공고,생태공원과,2026-07-02,,98,154275,https://www.suwon.go.kr/web/saeallOfr/BD_ofrView.do?notAncmtMgtNo=154275,http://www.suwon.go.kr/web/saeallOfr/BD_ofrView.do?notAncmtMgtNo=154275,2026-07-02,12,,도시계획,-1,,,False,rejected,not_keyword_candidate,
5675,수원시 고시 제2026-267호,수원 도시계획시설(제39호 공공청사) 사업시행자 지정 및 실시계획인가 고시,지구단위계획과,2026-07-02,,123,154192,https://www.suwon.go.kr/web/saeallOfr/BD_ofrView.do?notAncmtMgtNo=154192,http://www.suwon.go.kr/web/saeallOfr/BD_ofrView.do?notAncmtMgtNo=154192,2026-07-02,12,,"도시계획,실시계획",-2,,인가,False,rejected,blacklist:인가,
5674,수원시 공고 제2026-1554호,2026년 하반기 수원시 전기이륜차 보급사업 변경 공고,기후에너지과,2026-07-01,2026-07-01 ~ 2026-11-30,158,154284,https://www.suwon.go.kr/web/saeallOfr/BD_ofrView.do?notAncmtMgtNo=154284,http://www.suwon.go.kr/web/saeallOfr/BD_ofrView.do?notAncmtMgtNo=154284,2026-07-01,12,,,0,,,False,rejected,not_keyword_candidate,
5673,수원시 고시 제2026-266호,수원 도시계획시설(도로: 중로3-233호선) 실시계획(변경)인가 고시,지구단위계획과,2026-06-30,,115,154191,https://www.suwon.go.kr/web/saeallOfr/BD_ofrView.do?notAncmtMgtNo=154191,http://www.suwon.go.kr/web/saeallOfr/BD_ofrView.do?notAncmtMgtNo=154191,2026-06-30,12,,"도시계획,실시계획",-2,,인가,False,rejected,blacklist:인가,
5672,수원시 고시 제2026-265호,수원 도시계획시설(도로: 대로1-5호선 등 21개 노선) 실시계획(변경)인가 고시,지구단위계획과,2026-06-30,,114,154190,https://www.suwon.go.kr/web/saeallOfr/BD_ofrView.do?notAncmtMgtNo=154190,http://www.suwon.go.kr/web/saeallOfr/BD_ofrView.do?notAncmtMgtNo=154190,2026-06-30,12,,"도시계획,실시계획",-2,,인가,False,rejected,blacklist:인가,
5671,수원시 고시 제2026-264호,수원 도시계획시설(도로: 대로1-13호선 등 8개 노선) 실시계획(변경)인가 고시,지구단위계획과,2026-06-30,,114,154189,https://www.suwon.go.kr/web/saeallOfr/BD_ofrView.do?notAncmtMgtNo=154189,http://www.suwon.go.kr/web/saeallOfr/BD_ofrView.do?notAncmtMgtNo=154189,2026-06-30,12,,"도시계획,실시계획",-2,,인가,False,rejected,blacklist:인가,
5670,수원시 고시 제2026-263호,수원 도시계획시설(유수지:제19호 저류시설) 실시계획(변경)인가 고시,지구단위계획과,2026-06-30,,85,154188,https://www.suwon.go.kr/web/saeallOfr/BD_ofrView.do?notAncmtMgtNo=154188,http://www.suwon.go.kr/web/saeallOfr/BD_ofrView.do?notAncmtMgtNo=154188,2026-06-30,12,,"도시계획,실시계획",-2,,인가,False,rejected,blacklist:인가,
5669,수원시 고시 제2026-262호,수원 도시계획시설(제89호 소공원) 조성 사업 실시계획(변경)인가 고시,생태공원과,2026-06-30,,92,154176,https://www.suwon.go.kr/web/saeallOfr/BD_ofrView.do?notAncmtMgtNo=154176,http://www.suwon.go.kr/web/saeallOfr/BD_ofrView.do?notAncmtMgtNo=154176,2026-06-30,12,,"도시계획,실시계획",-2,,인가,False,rejected,blacklist:인가,
5668,수원시 공고 제2026-1523호,수원도시계획시설[제53호(매미) 어린이공원]   재정비 사업 공사 완료 공고,생태공원과,2026-06-30,,105,154170,https://www.suwon.go.kr/web/saeallOfr/BD_ofrView.do?notAncmtMgtNo=154170,http://www.suwon.go.kr/web/saeallOfr/BD_ofrView.do?notAncmtMgtNo=154170,2026-06-30,12,,도시계획,-1,,,False,rejected,not_keyword_candidate,
5667,수원시 공고 제2026-1522호,수원도시계획시설[제21호(샘내) 근린공원] 재정비 사업 공사 완료 공고,생태공원과,2026-06-30,,107,154168,https://www.suwon.go.kr/web/saeallOfr/BD_ofrView.do?notAncmtMgtNo=154168,http://www.suwon.go.kr/web/saeallOfr/BD_ofrView.do?notAncmtMgtNo=154168,2026-06-30,12,,도시계획,-1,,,False,rejected,not_keyword_candidate,
5666,수원시 고시 제2026-261호,수원 도시계획시설(제118호 근린공원) 조성 사업 실시계획(변경)인가 고시,생태공원과,2026-06-30,,120,154164,https://www.suwon.go.kr/web/saeallOfr/BD_ofrView.do?notAncmtMgtNo=154164,http://www.suwon.go.kr/web/saeallOfr/BD_ofrView.do?notAncmtMgtNo=154164,2026-06-30,12,,"도시계획,실시계획",-2,,인가,False,rejected,blacklist:인가,
5665,수원시 공고 제2026-1520호,수원도시계획시설[제73호(비단) 어린이공원] 재정비 사업 공사 완료 공고,생태공원과,2026-06-30,,106,154163,https://www.suwon.go.kr/web/saeallOfr/BD_ofrView.do?notAncmtMgtNo=154163,http://www.suwon.go.kr/web/saeallOfr/BD_ofrView.do?notAncmtMgtNo=154163,2026-06-30,12,,도시계획,-1,,,False,rejected,not_keyword_candidate,
5664,수원시 공고 제2026-1518호,수원도시계획시설[제155호(거북) 어린이공원] 재정비 사업 공사 완료 공고,생태공원과,2026-06-30,,106,154158,https://www.suwon.go.kr/web/saeallOfr/BD_ofrView.do?notAncmtMgtNo=154158,http://www.suwon.go.kr/web/saeallOfr/BD_ofrView.do?notAncmtMgtNo=154158,2026-06-30,12,,도시계획,-1,,,False,rejected,not_keyword_candidate,
5663,수원시 공고 제2026-1516호,수원도시계획시설[제3호(소정) 어린이공원] 재정비 사업 공사 완료 공고,생태공원과,2026-06-30,,108,154155,https://www.suwon.go.kr/web/saeallOfr/BD_ofrView.do?notAncmtMgtNo=154155,http://www.suwon.go.kr/web/saeallOfr/BD_ofrView.do?notAncmtMgtNo=154155,2026-06-30,12,,도시계획,-1,,,False,rejected,not_keyword_candidate,
5662,수원시 공고 제2026-1515호,수원도시계획시설[제5호(석산) 어린이공원] 재정비 사업 공사 완료 공고,생태공원과,2026-06-30,,106,154154,https://www.suwon.go.kr/web/saeallOfr/BD_ofrView.do?notAncmtMgtNo=154154,http://www.suwon.go.kr/web/saeallOfr/BD_ofrView.do?notAncmtMgtNo=154154,2026-06-30,12,,도시계획,-1,,,False,rejected,not_keyword_candidate,
5661,수원시 공고 제2026-1514호,수원도시계획시설[제41호(노송) 근린공원] 재정비 사업 공사 완료 공고,생태공원과,2026-06-30,,105,154153,https://www.suwon.go.kr/web/saeallOfr/BD_ofrView.do?notAncmtMgtNo=154153,http://www.suwon.go.kr/web/saeallOfr/BD_ofrView.do?notAncmtMgtNo=154153,2026-06-30,12,,도시계획,-1,,,False,rejected,not_keyword_candidate,
5660,수원시 고시 제2026-256호,수원 도시계획시설[제13호 근린공원(숙지공원)] 주차장 조성사업 사업시행자 지정 및 실시계획인가 고시,생태공원과,2026-06-30,,158,154138,https://www.suwon.go.kr/web/saeallOfr/BD_ofrView.do?notAncmtMgtNo=154138,http://www.suwon.go.kr/web/saeallOfr/BD_ofrView.do?notAncmtMgtNo=154138,2026-06-30,12,,"도시계획,실시계획",-2,,인가,False,rejected,blacklist:인가,
5659,수원시 고시 제2026-255호,수원 도시관리계획[제13호 근린공원(숙지공원) 조성계획] 결정(변경) 및 지형도면 고시,생태공원과,2026-06-30,,136,154137,https://www.suwon.go.kr/web/saeallOfr/BD_ofrView.do?notAncmtMgtNo=154137,http://www.suwon.go.kr/web/saeallOfr/BD_ofrView.do?notAncmtMgtNo=154137,2026-06-30,12,,,0,,,False,rejected,not_keyword_candidate,
5658,수원시 공고 제2026-1525호,2026년 석면해체・제거 지원사업 대상자 모집 재공고,환경정책과,2026-06-29,2026-06-29 ~ 2026-12-31,177,154173,https://www.suwon.go.kr/web/saeallOfr/BD_ofrView.do?notAncmtMgtNo=154173,http://www.suwon.go.kr/web/saeallOfr/BD_ofrView.do?notAncmtMgtNo=154173,2026-06-29,12,"모집,지원사업,대상자",,3,,,True,candidate,,support_apply
5657,수원시 공고 제2026-1524호,2026 수원형 성장-업 일자리사업「수원미술 연구 및 전시 코디네이터」최종합격자 공고,학예전시과,2026-06-29,,151,154172,https://www.suwon.go.kr/web/saeallOfr/BD_ofrView.do?notAncmtMgtNo=154172,http://www.suwon.go.kr/web/saeallOfr/BD_ofrView.do?notAncmtMgtNo=154172,2026-06-29,12,,,0,,,False,rejected,not_keyword_candidate,
5656,수원시 공고 제2026-1521호,2026년 하반기 수원시 수소전기자동차(승용・승합) 보급사업 공고,기후에너지과,2026-06-29,2026-06-29 ~ 2026-11-30,317,154166,https://www.suwon.go.kr/web/saeallOfr/BD_ofrView.do?notAncmtMgtNo=154166,http://www.suwon.go.kr/web/saeallOfr/BD_ofrView.do?notAncmtMgtNo=154166,2026-06-29,12,,,0,,,False,rejected,not_keyword_candidate,
5655,수원시 고시 제2026-260호,수원 도시계획시설(제7호 폐기물처리 및 재활용시설: 음식물쓰레기처리시설) 실시계획(변경)인가 고시,도시계획과,2026-06-29,,113,154143,https://www.suwon.go.kr/web/saeallOfr/BD_ofrView.do?notAncmtMgtNo=154143,http://www.suwon.go.kr/web/saeallOfr/BD_ofrView.do?notAncmtMgtNo=154143,2026-06-29,12,,"도시계획,실시계획",-2,,인가,False,rejected,blacklist:인가,
5654,수원시 고시 제2026-253호,수원 도시계획시설[제4호 문화시설(1구역)] 실시계획(변경)인가 고시,문화유산복원과,2026-06-29,,103,154110,https://www.suwon.go.kr/web/saeallOfr/BD_ofrView.do?notAncmtMgtNo=154110,http://www.suwon.go.kr/web/saeallOfr/BD_ofrView.do?notAncmtMgtNo=154110,2026-06-29,12,,"도시계획,실시계획",-2,,인가,False,rejected,blacklist:인가,
5653,수원시 공고 제2026-1503호,2026년 하반기 수원시 전기이륜차 보급사업 공고,기후에너지과,2026-06-29,2026-06-29 ~ 2026-11-30,112,154109,https://www.suwon.go.kr/web/saeallOfr/BD_ofrView.do?notAncmtMgtNo=154109,http://www.suwon.go.kr/web/saeallOfr/BD_ofrView.do?notAncmtMgtNo=154109,2026-06-29,12,,,0,,,False,rejected,not_keyword_candidate,
5652,수원시 팔달구 고시 제2026-7호,지적기준점 측량 성과 고시,토지관리과,2026-06-29,2026-06-29 ~ 2027-06-28,77,154089,https://www.suwon.go.kr/web/saeallOfr/BD_ofrView.do?notAncmtMgtNo=154089,http://www.suwon.go.kr/web/saeallOfr/BD_ofrView.do?notAncmtMgtNo=154089,2026-06-29,12,,,0,,,False,rejected,not_keyword_candidate,
5651,수원시 공고 제2026-1486호,수원 도시계획시설(제22호 시장) 공사완료 공고,도시계획과,2026-06-29,,94,154060,https://www.suwon.go.kr/web/saeallOfr/BD_ofrView.do?notAncmtMgtNo=154060,http://www.suwon.go.kr/web/saeallOfr/BD_ofrView.do?notAncmtMgtNo=154060,2026-06-29,12,,도시계획,-1,,,False,rejected,not_keyword_candidate,
5650,수원시 고시 제2026-251호,수원도시계획시설[제123호 근린공원] 조성사업 '사업시행자 지정 및 실시계획(변경) 인가' 고시,생태공원과,2026-06-29,,111,154057,https://www.suwon.go.kr/web/saeallOfr/BD_ofrView.do?notAncmtMgtNo=154057,http://www.suwon.go.kr/web/saeallOfr/BD_ofrView.do?notAncmtMgtNo=154057,2026-06-29,12,,"도시계획,실시계획",-2,,인가,False,rejected,blacklist:인가,
5649,수원시 고시 제2026-244호,수원 도시계획시설[제215호(지동) 어린이공원] 조성사업 실시계획(변경)인가 고시,생태공원과,2026-06-29,,96,154011,https://www.suwon.go.kr/web/saeallOfr/BD_ofrView.do?notAncmtMgtNo=154011,http://www.suwon.go.kr/web/saeallOfr/BD_ofrView.do?notAncmtMgtNo=154011,2026-06-29,12,,"도시계획,실시계획",-2,,인가,False,rejected,blacklist:인가,
5648,수원시 고시 제2026-243호,수원도시관리계획[제215호(지동) 어린이공원 조성계획] 결정(변경) 및 지형도면 고시,생태공원과,2026-06-29,,101,154010,https://www.suwon.go.kr/web/saeallOfr/BD_ofrView.do?notAncmtMgtNo=154010,http://www.suwon.go.kr/web/saeallOfr/BD_ofrView.do?notAncmtMgtNo=154010,2026-06-29,12,,,0,,,False,rejected,not_keyword_candidate,
5647,수원시 공고 제2026-1496호,전문건설사업자 행정처분(영업정지) 사항 공고,건설정책과,2026-06-26,2026-06-26 ~ 2031-12-23,387,154086,https://www.suwon.go.kr/web/saeallOfr/BD_ofrView.do?notAncmtMgtNo=154086,http://www.suwon.go.kr/web/saeallOfr/BD_ofrView.do?notAncmtMgtNo=154086,2026-06-26,12,,,0,,,False,rejected,not_keyword_candidate,
5646,수원시 공고 제2026-1492호,수원도시계획시설[제39호 소공원] 조성 사업 공사 완료 공고,생태공원과,2026-06-26,,133,154078,https://www.suwon.go.kr/web/saeallOfr/BD_ofrView.do?notAncmtMgtNo=154078,http://www.suwon.go.kr/web/saeallOfr/BD_ofrView.do?notAncmtMgtNo=154078,2026-06-26,12,,도시계획,-1,,,False,rejected,not_keyword_candidate,
5645,수원시 고시 제2026-250호,수원 도시계획시설(제149호 주차장) 사업시행자 지정 및 실시계획인가 고시,지구단위계획과,2026-06-26,,150,154055,https://www.suwon.go.kr/web/saeallOfr/BD_ofrView.do?notAncmtMgtNo=154055,http://www.suwon.go.kr/web/saeallOfr/BD_ofrView.do?notAncmtMgtNo=154055,2026-06-26,12,,"도시계획,실시계획",-2,,인가,False,rejected,blacklist:인가,
5644,수원시 고시 제2026-248호,"수원 도시계획시설(도로 대로1-12호선 등 7개 노선, 제109호 주차장, 제9호 철도) 사업 실시계획(변경)인가 고시 알림",지구단위계획과,2026-06-26,,155,154035,https://www.suwon.go.kr/web/saeallOfr/BD_ofrView.do?notAncmtMgtNo=154035,http://www.suwon.go.kr/web/saeallOfr/BD_ofrView.do?notAncmtMgtNo=154035,2026-06-26,12,,"도시계획,실시계획",-2,,인가,False,rejected,blacklist:인가,
5643,수원시 고시 제2026-241호,2026. 1. 1. 기준 개별주택가격 조정・공시,세정과,2026-06-26,2026-06-26 ~ 2026-09-23,126,154006,https://www.suwon.go.kr/web/saeallOfr/BD_ofrView.do?notAncmtMgtNo=154006,http://www.suwon.go.kr/web/saeallOfr/BD_ofrView.do?notAncmtMgtNo=154006,2026-06-26,12,,,0,,,False,rejected,not_keyword_candidate,
5642,수원시 고시 제2026-240호,2026년 수원시 개발제한구역 외 지목별 개별공시지가 평균치 고시,지구단위계획과,2026-06-25,2026-06-25 ~ 2027-07-30,138,153998,https://www.suwon.go.kr/web/saeallOfr/BD_ofrView.do?notAncmtMgtNo=153998,http://www.suwon.go.kr/web/saeallOfr/BD_ofrView.do?notAncmtMgtNo=153998,2026-06-25,12,,,0,,,False,rejected,not_keyword_candidate,
5641,수원시 공고 제2026-1473호,2026 수원형 성장-업 일자리사업「수원미술 연구 및 전시 코디네이터」서류전형 합격자 및 면접심사 공고,학예전시과,2026-06-24,,122,154007,https://www.suwon.go.kr/web/saeallOfr/BD_ofrView.do?notAncmtMgtNo=154007,http://www.suwon.go.kr/web/saeallOfr/BD_ofrView.do?notAncmtMgtNo=154007,2026-06-24,12,,,0,,,False,rejected,not_keyword_candidate,
5640,수원시 공고 제2026-1469호,2026년 하수도 원인자부담금 단위단가 및 CCTV조사 단가 고시 알림,하수관리과,2026-06-23,,275,153983,https://www.suwon.go.kr/web/saeallOfr/BD_ofrView.do?notAncmtMgtNo=153983,http://www.suwon.go.kr/web/saeallOfr/BD_ofrView.do?notAncmtMgtNo=153983,2026-06-23,12,,,0,,,False,rejected,not_keyword_candidate,
5639,수원시 공고 제2026-1445호,2026년 수원시 전기자동차(어린이통학용 승합) 보급사업 공고,기후에너지과,2026-06-22,2026-06-22 ~ 2026-11-30,375,153899,https://www.suwon.go.kr/web/saeallOfr/BD_ofrView.do?notAncmtMgtNo=153899,http://www.suwon.go.kr/web/saeallOfr/BD_ofrView.do?notAncmtMgtNo=153899,2026-06-22,12,,,0,,,False,rejected,not_keyword_candidate,
5638,수원시 고시 제2026-236호,수원도시계획시설[제189호(당암) 어린이공원] 리모델링 사업 ‘사업시행자 지정 및 실시계획인가’고시,생태공원과,2026-06-22,,149,153856,https://www.suwon.go.kr/web/saeallOfr/BD_ofrView.do?notAncmtMgtNo=153856,http://www.suwon.go.kr/web/saeallOfr/BD_ofrView.do?notAncmtMgtNo=153856,2026-06-22,12,,"도시계획,실시계획",-2,,인가,False,rejected,blacklist:인가,
5637,수원시 고시 제2026-234호,제115-10구역 주택재개발정비사업 관리처분계획인가(변경) 고시,도시정비과,2026-06-22,,347,153844,https://www.suwon.go.kr/web/saeallOfr/BD_ofrView.do?notAncmtMgtNo=153844,http://www.suwon.go.kr/web/saeallOfr/BD_ofrView.do?notAncmtMgtNo=153844,2026-06-22,12,,,0,,인가,False,rejected,blacklist:인가,
5636,수원시 공고 제2026-1451호,전문건설사업자 행정처분 사항 변경 공고,건설정책과,2026-06-19,2026-06-19 ~ 2029-07-04,133,153922,https://www.suwon.go.kr/web/saeallOfr/BD_ofrView.do?notAncmtMgtNo=153922,http://www.suwon.go.kr/web/saeallOfr/BD_ofrView.do?notAncmtMgtNo=153922,2026-06-19,12,,,0,,,False,rejected,not_keyword_candidate,
5635,수원시 공고 제2026-1448호,전문건설사업자 행정처분 사항 변경 공고,건설정책과,2026-06-19,2026-06-19 ~ 2029-08-01,99,153914,https://www.suwon.go.kr/web/saeallOfr/BD_ofrView.do?notAncmtMgtNo=153914,http://www.suwon.go.kr/web/saeallOfr/BD_ofrView.do?notAncmtMgtNo=153914,2026-06-19,12,,,0,,,False,rejected,not_keyword_candidate,
5634,수원시 고시 제2026-235호,수원 도시관리계획[제189호(당암) 어린이공원] 공원조성계획 결정(변경) 및 지형도면 고시,생태공원과,2026-06-19,,149,153855,https://www.suwon.go.kr/web/saeallOfr/BD_ofrView.do?notAncmtMgtNo=153855,http://www.suwon.go.kr/web/saeallOfr/BD_ofrView.do?notAncmtMgtNo=153855,2026-06-19,12,,,0,,,False,rejected,not_keyword_candidate,
5633,수원시 고시 제2026-232호,수원 도시계획시설(제9호 문화시설: 연무마을 어울림터 조성사업) 실시계획(변경)인가 고시,도시계획과,2026-06-19,,127,153815,https://www.suwon.go.kr/web/saeallOfr/BD_ofrView.do?notAncmtMgtNo=153815,http://www.suwon.go.kr/web/saeallOfr/BD_ofrView.do?notAncmtMgtNo=153815,2026-06-19,13,,"도시계획,실시계획",-2,,인가,False,rejected,blacklist:인가,
5632,수원시 고시 제2026-231호,115-3구역 주택재개발정비사업 사업시행인가(경미한변경) 고시,도시정비과,2026-06-19,,411,153801,https://www.suwon.go.kr/web/saeallOfr/BD_ofrView.do?notAncmtMgtNo=153801,http://www.suwon.go.kr/web/saeallOfr/BD_ofrView.do?notAncmtMgtNo=153801,2026-06-19,13,,,0,,인가,False,rejected,blacklist:인가,
5631,수원시 고시 제2026-230호,111-3구역 주택재개발정비사업 관리처분계획(변경)인가 고시,도시정비과,2026-06-19,,172,153793,https://www.suwon.go.kr/web/saeallOfr/BD_ofrView.do?notAncmtMgtNo=153793,http://www.suwon.go.kr/web/saeallOfr/BD_ofrView.do?notAncmtMgtNo=153793,2026-06-19,13,,,0,,인가,False,rejected,blacklist:인가,
5630,수원시 공고 제2026-1442호,2026년 하반기 청년 행정체험 선발 및 근무지 지정 결과 공고,노동일자리정책과,2026-06-18,,657,153886,https://www.suwon.go.kr/web/saeallOfr/BD_ofrView.do?notAncmtMgtNo=153886,http://www.suwon.go.kr/web/saeallOfr/BD_ofrView.do?notAncmtMgtNo=153886,2026-06-18,13,체험,,1,,결과 공고,True,rejected,blacklist:결과 공고,
5629,수원시 고시 제2026-229호,수원 도시계획시설(제102호 공공청사) 사업시행자 지정 및 실시계획인가 정정 고시,지구단위계획과,2026-06-18,,133,153767,https://www.suwon.go.kr/web/saeallOfr/BD_ofrView.do?notAncmtMgtNo=153767,http://www.suwon.go.kr/web/saeallOfr/BD_ofrView.do?notAncmtMgtNo=153767,2026-06-18,13,,"도시계획,실시계획",-2,,인가,False,rejected,blacklist:인가,
5628,수원시 고시 제2026-228호,수원 도시계획시설(제33호 공공청사: 경기도 공공청사) 실시계획(변경)인가 고시,도시계획과,2026-06-18,,114,153707,https://www.suwon.go.kr/web/saeallOfr/BD_ofrView.do?notAncmtMgtNo=153707,http://www.suwon.go.kr/web/saeallOfr/BD_ofrView.do?notAncmtMgtNo=153707,2026-06-18,13,,"도시계획,실시계획",-2,,인가,False,rejected,blacklist:인가,
5627,수원시 고시 제2026-227호,수원 도시계획시설(도로: 중로2-291호선) 실시계획(변경)인가 고시,도시계획과,2026-06-18,,134,153702,https://www.suwon.go.kr/web/saeallOfr/BD_ofrView.do?notAncmtMgtNo=153702,http://www.suwon.go.kr/web/saeallOfr/BD_ofrView.do?notAncmtMgtNo=153702,2026-06-18,13,,"도시계획,실시계획",-2,,인가,False,rejected,blacklist:인가,
5626,수원시 공고 제2026-1418호,전문건설사업자 행정처분 사항 변경,건설정책과,2026-06-16,2026-06-16 ~ 2029-05-26,86,153774,https://www.suwon.go.kr/web/saeallOfr/BD_ofrView.do?notAncmtMgtNo=153774,http://www.suwon.go.kr/web/saeallOfr/BD_ofrView.do?notAncmtMgtNo=153774,2026-06-16,13,,,0,,,False,rejected,not_keyword_candidate,
